id,owner_type,owner_id,cond_group,cond_type,key,op,value,notes
c_hs_dock_office_rank,hotspot,dock_office,1,rank_min,foreman,gte,,from hotspot unlock
c_hs_company_boss_stat,hotspot,company_boss,1,stat,trust,gte,55,
c_hs_company_finance_rank,hotspot,company_finance,1,rank_min,warehouse_chief,gte,,from hotspot unlock
c_hs_rival_meet_stat,hotspot,rival_meet,1,stat,network_elite,gte,20,
c_hs_exchange_vip_stat,hotspot,exchange_vip,1,stat,money,gte,300,
c_act_dock_report_rank,action,dock_report,1,rank_min,foreman,gte,,
c_act_dock_steal_list_rank,action,dock_steal_list,1,rank_min,foreman,gte,,
c_act_dock_bribe_clerk_rank,action,dock_bribe_clerk,1,rank_min,foreman,gte,,
c_act_dock_black_market_stat,action,dock_black_market,1,stat,intel,gte,10,
c_act_co_recruit_elder_stat,action,co_recruit_elder,1,stat,money,gte,40,
c_act_co_flatter_boss_stat,action,co_flatter_boss,1,stat,trust,gte,55,
c_act_co_take_blame_stat,action,co_take_blame,1,stat,trust,gte,55,
c_act_co_boss_task_stat,action,co_boss_task,1,stat,trust,gte,55,
c_act_co_pass_rumor_stat,action,co_pass_rumor,1,stat,intel,gte,15,
c_act_co_peek_books_rank,action,co_peek_books,1,rank_min,warehouse_chief,gte,,
c_act_co_bribe_accountant_rank,action,co_bribe_accountant,1,rank_min,warehouse_chief,gte,,
c_act_co_frame_finance_stat,action,co_frame_finance,1,stat,intel,gte,25,
c_act_home_guide_su_rel,action,home_guide_su,1,relation,su_qing:player:favor,gte,40,
c_act_rival_sell_intel_stat,action,rival_sell_intel,1,stat,network_elite,gte,20,
c_act_rival_plot_poach_stat,action,rival_plot_poach,1,stat,intel,gte,20,
c_act_rival_accept_job_flag,action,rival_accept_job,1,flag,can_join_tongyang,eq,1,
c_act_rival_hijack_order_flag,action,rival_hijack_order,1,flag,joined_tongyang,eq,1,
c_act_ex_buy_stat,action,ex_buy,1,stat,money,gte,50,
c_act_ex_short_stat,action,ex_short,1,stat,money,gte,80,
c_act_ex_rumor_true_stat,action,ex_rumor_true,1,stat,intel,gte,10,
c_act_ex_rumor_fake_stat,action,ex_rumor_fake,1,stat,intel,gte,8,
c_act_ex_leverage_stat,action,ex_leverage,1,stat,money,gte,300,
c_act_ex_white_knight_stat,action,ex_white_knight,1,stat,network_elite,gte,40,
c_ev_ev_day1_intro_day_day_1,event,ev_day1_intro,1,day,day,eq,1,第1天
c_ev_ev_day3_son_notice_day_day_3,event,ev_day3_son_notice,1,day,day,eq,3,
c_ev_ev_day5_promotion_stolen_day_day_5,event,ev_day5_promotion_stolen,1,day,day,eq,5,
c_ev_ev_day6_su_distance_day_day_6,event,ev_day6_su_distance,1,day,day,gte,4,中段背叛：第4晚起可触发
c_ev_ev_b_pillow_talk_flag_ending_route_b_ready_0,event,ev_b_pillow_talk,1,flag,ending_route_b_ready,eq,0,未结束
c_ev_ev_b_pillow_talk_stat_father_son_tension_35,event,ev_b_pillow_talk,1,stat,father_son_tension,gte,35,
c_ev_ev_b_pillow_talk_relation_su_qing_player_favor_40,event,ev_b_pillow_talk,1,relation,su_qing:player:favor,gte,40,格式 source:target:relation_key
c_ev_ev_b_public_clash_stat_father_son_tension_70,event,ev_b_public_clash,1,stat,father_son_tension,gte,70,
c_ev_ev_b_public_clash_flag_ending_route_b_ready_0,event,ev_b_public_clash,1,flag,ending_show_b,eq,0,未播过公开对立结局演出
c_ev_ev_a_offer_stat_intel_15,event,ev_a_offer,1,stat,intel,gte,15,
c_ev_ev_a_offer_stat_network_base_20,event,ev_a_offer,1,stat,network_base,gte,20,
c_ev_ev_a_offer_flag_can_join_tongyang_0,event,ev_a_offer,1,flag,can_join_tongyang,eq,0,未接通过洋邀约
c_ev_ev_a_first_strike_flag_ending_route_a_ready_1,event,ev_a_first_strike,1,flag,ending_route_a_ready,eq,1,
c_ev_ev_c_first_short_flag_ending_route_c_ready_1,event,ev_c_first_short,1,flag,ending_route_c_ready,eq,1,
c_ev_ev_fail_fired_stat_suspicion_95,event,ev_fail_fired,1,stat,suspicion,gte,95,
c_ev_ev_fail_broke_stat_money_0,event,ev_fail_broke,1,stat,money,lte,0,
c_ev_ev_low_money_debuff_stat_money_20,event,ev_low_money_debuff,1,stat,money,lte,20,
c_ev_ev_boss_watching_flag_boss_watching_1,event,ev_boss_watching,1,flag,boss_watching,eq,1,
c_ev_ev_boss_watching_stat_suspicion_50,event,ev_boss_watching,1,stat,suspicion,gte,50,
c_end_ending_b_flag_ending_route_b_ready_1,ending,ending_b,1,flag,ending_route_b_ready,eq,1,
c_end_ending_b_day_day_20,ending,ending_b,1,day,day,gte,18,
c_end_ending_a_flag_ending_route_a_ready_1,ending,ending_a,1,flag,ending_route_a_ready,eq,1,
c_end_ending_c_flag_ending_route_c_ready_1,ending,ending_c,1,flag,ending_route_c_ready,eq,1,
c_end_ending_fail_fired_stat_suspicion_95,ending,ending_fail_fired,1,stat,suspicion,gte,95,
c_end_ending_fail_broke_stat_money_0,ending,ending_fail_broke,1,stat,money,lte,0,
c_th_su_leak,threshold,th_su_leak,1,relation,su_qing:player:favor,gte,80,晚晴主动透露周家消息
c_th_su_drift,threshold,th_su_drift,1,relation,su_qing:zhou_shaoting:intimacy,gte,60,接受贵重礼物并疏远主角
c_th_su_betray,threshold,th_su_betray,1,relation,su_qing:player:favor,lte,25,好感过低可能反水告密
c_th_father_conflict,threshold,th_father_conflict,1,relation,zhou_hongye:zhou_shaoting:father_son_trust,lte,30,父子信任崩 → 矛盾激化（可叠加事件）
c_th_boss_watch,threshold,th_boss_watch,1,relation,zhou_hongye:player:suspicion,gte,70,派人监视；阴谋成功率下降
c_th_son_hostile,threshold,th_son_hostile,1,relation,zhou_shaoting:player:suspicion,gte,60,少霆开始针对打压
c_th_chen_ally,threshold,th_chen_ally,1,relation,chen_manager:player:favor,gte,35,具备跳槽谈判资格（降到35便于自由层）
c_st_low_money,threshold,st_low_money,1,stat,money,lte,20,金钱警戒
c_st_clear_low_money,threshold,st_clear_low_money,1,stat,money,gt,20,离开警戒
c_st_suspicion_light,threshold,st_suspicion_light,1,stat,suspicion,gte,40,轻度：被敲打/降薪（事件用）
c_st_suspicion_mid,threshold,st_suspicion_mid,1,stat,suspicion,gte,70,中度：降职/开除风险
c_st_suspicion_heavy,threshold,st_suspicion_heavy,1,stat,suspicion,gte,95,重度：直接失败判定入口
c_st_b_tension,threshold,st_b_tension,1,stat,father_son_tension,gte,70,离间线阶段目标
c_ev_b_d9_night_shift_day,event,ev_b_d9_night_shift,1,day,day,eq,9,
c_ev_b_d11_su_letter_day,event,ev_b_d11_su_letter,1,day,day,eq,11,
c_ev_b_d14_elder_drink_day,event,ev_b_d14_elder_drink,1,day,day,eq,14,
c_ev_b_d16_fake_ledger_day,event,ev_b_d16_fake_ledger,1,day,day,eq,16,
c_ev_b_d19_su_afraid_day,event,ev_b_d19_su_afraid,1,day,day,eq,19,
c_ev_b_d21_watchman_day,event,ev_b_d21_watchman,1,day,day,eq,21,
c_ev_b_d24_boardroom_noise_day,event,ev_b_d24_boardroom_noise,1,day,day,eq,24,
c_ev_b_d27_promotion_hint_day,event,ev_b_d27_promotion_hint,1,day,day,eq,27,
c_ev_a_d12_probe_day,event,ev_a_d12_probe,1,day,day,eq,12,
c_ev_c_d13_tick_day,event,ev_c_d13_tick,1,day,day,eq,13,
c_ev_rank_foreman_day,event,ev_rank_foreman_remind,1,day,day,eq,2,
c_var_su_talk_l02_high_1,line_variant,var_su_talk_l02_high,1,relation,su_qing:player:favor,gte,75,
c_var_su_talk_l02_low_1,line_variant,var_su_talk_l02_low,1,relation,su_qing:player:favor,lte,40,
c_var_su_talk_l03_high_1,line_variant,var_su_talk_l03_high,1,relation,su_qing:player:favor,gte,75,
c_var_su_talk_l03_drift_1,line_variant,var_su_talk_l03_drift,1,relation,su_qing:zhou_shaoting:intimacy,gte,55,
c_var_son_meet_l01_hostile_1,line_variant,var_son_meet_l01_hostile,1,relation,zhou_shaoting:player:suspicion,gte,50,
c_var_boss_flatter_l03_hightrust_1,line_variant,var_boss_flatter_l03_hightrust,1,stat,trust,gte,60,
c_var_chen_lobby_l02_known_1,line_variant,var_chen_lobby_l02_known,1,flag,flag_sold_intel,eq,1,
c_ev_b_clash_day,event,ev_b_public_clash,1,day,day,gte,18,Demo 阶段结局窗口
c_var_su_guide_l02_low_1,line_variant,var_su_guide_l02_low,1,relation,su_qing:player:favor,lte,35,
c_var_su_guide_l02_high_1,line_variant,var_su_guide_l02_high,1,relation,su_qing:player:favor,gte,70,
c_var_boss_blame_l03_watch_1,line_variant,var_boss_blame_l03_watch,1,flag,boss_watching,eq,1,
c_var_son_rumor_l04_tension_1,line_variant,var_son_rumor_l04_tension,1,stat,father_son_tension,gte,50,
c_var_chen_sell_l03_ally_1,line_variant,var_chen_sell_l03_ally,1,relation,chen_manager:player:favor,gte,45,
c_var_broker_l02_elite_1,line_variant,var_broker_l02_elite,1,stat,network_elite,gte,15,
c_var_su_office_l02_intimacy_1,line_variant,var_su_office_l02_intimacy,1,relation,su_qing:zhou_shaoting:intimacy,gte,50,
c_var_white_l02_short_1,line_variant,var_white_l02_short,1,flag,flag_holding_short,eq,1,
c_ev_b_d28_calm_before_day,event,ev_b_d28_calm_before,1,day,day,eq,28,
c_ev_b_d29_whisper_day,event,ev_b_d29_whisper,1,day,day,eq,29,
c_ev_b_d30_hook_day,event,ev_b_d30_hook,1,day,day,eq,30,
c_ev_c_profit_milestone_1,event,ev_c_profit_milestone,1,flag,ending_route_c_ready,eq,1,
c_ev_c_profit_milestone_2,event,ev_c_profit_milestone,1,flag,ending_show_c,eq,0,
c_ev_a_d20_pressure_day,event,ev_a_d20_pressure,1,day,day,eq,20,
c_ev_a_d20_pressure_1,event,ev_a_d20_pressure,1,flag,flag_sold_intel,eq,1,
c_ev_c_d22_drift_day,event,ev_c_d22_drift,1,day,day,eq,22,
c_line_variant_var_dock_chat_l02_lowmoney_stat_money_40,line_variant,var_dock_chat_l02_lowmoney,1,stat,money,lte,40,
c_line_variant_var_co_eaves_l02_tension_stat_father_son_tension_40,line_variant,var_co_eaves_l02_tension,1,stat,father_son_tension,gte,40,
c_line_variant_var_home_rest_l02_watch_flag_boss_watching_1,line_variant,var_home_rest_l02_watch,1,flag,boss_watching,eq,1,
c_line_variant_var_boss_task_l01_hightrust_stat_trust_55,line_variant,var_boss_task_l01_hightrust,1,stat,trust,gte,55,
c_line_variant_var_son_meet_l02_tension_stat_father_son_tension_50,line_variant,var_son_meet_l02_tension,1,stat,father_son_tension,gte,50,
c_line_variant_var_chen_hire_l01_sold_flag_flag_sold_intel_1,line_variant,var_chen_hire_l01_sold,1,flag,flag_sold_intel,eq,1,
c_line_variant_var_broker_l01_money_stat_money_120,line_variant,var_broker_l01_money,1,stat,money,gte,120,
c_line_variant_var_dock_steal_l02_suspect_stat_suspicion_35,line_variant,var_dock_steal_l02_suspect,1,stat,suspicion,gte,35,
c_line_variant_var_co_frame_l02_framed_flag_flag_finance_framed_1,line_variant,var_co_frame_l02_framed,1,flag,flag_finance_framed,eq,1,
c_line_variant_var_home_plan_l02_b_flag_route_focus_b_1,line_variant,var_home_plan_l02_b,1,flag,route_focus_b,eq,1,
c_line_variant_var_ex_lev_l02_used_flag_flag_used_leverage_1,line_variant,var_ex_lev_l02_used,1,flag,flag_used_leverage,eq,1,
c_line_variant_var_rival_hijack_l02_a_flag_route_focus_a_1,line_variant,var_rival_hijack_l02_a,1,flag,route_focus_a,eq,1,
c_event_ev_b_d8_corridor_day_day_8,event,ev_b_d8_corridor,1,day,day,eq,8,
c_event_ev_b_d8_corridor_flag_route_focus_b_1,event,ev_b_d8_corridor,1,flag,route_focus_b,eq,1,
c_event_ev_b_d10_tea_day_day_10,event,ev_b_d10_tea,1,day,day,eq,10,
c_event_ev_b_d13_gift_day_day_13,event,ev_b_d13_gift,1,day,day,eq,13,
c_event_ev_b_d17_ledger_echo_day_day_17,event,ev_b_d17_ledger_echo,1,day,day,eq,17,
c_event_ev_b_d17_ledger_echo_flag_flag_finance_framed_1,event,ev_b_d17_ledger_echo,1,flag,flag_finance_framed,eq,1,
c_event_ev_b_d22_rain_day_day_22,event,ev_b_d22_rain,1,day,day,eq,22,
c_event_ev_b_d22_rain_flag_route_focus_b_1,event,ev_b_d22_rain,1,flag,route_focus_b,eq,1,
c_event_ev_b_d25_mirror_day_day_25,event,ev_b_d25_mirror,1,day,day,eq,25,
c_event_ev_a_d8_smoke_day_day_8,event,ev_a_d8_smoke,1,day,day,eq,8,
c_event_ev_a_d8_smoke_flag_route_focus_a_1,event,ev_a_d8_smoke,1,flag,route_focus_a,eq,1,
c_event_ev_a_d10_list_day_day_10,event,ev_a_d10_list,1,day,day,eq,10,
c_event_ev_a_d10_list_flag_route_focus_a_1,event,ev_a_d10_list,1,flag,route_focus_a,eq,1,
c_event_ev_a_d15_leak_day_day_15,event,ev_a_d15_leak,1,day,day,eq,15,
c_event_ev_a_d15_leak_flag_flag_sold_intel_1,event,ev_a_d15_leak,1,flag,flag_sold_intel,eq,1,
c_event_ev_a_d18_order_day_day_18,event,ev_a_d18_order,1,day,day,eq,18,
c_event_ev_a_d18_order_flag_route_focus_a_1,event,ev_a_d18_order,1,flag,route_focus_a,eq,1,
c_event_ev_a_d23_wall_day_day_23,event,ev_a_d23_wall,1,day,day,eq,23,
c_event_ev_a_d23_wall_flag_joined_tongyang_1,event,ev_a_d23_wall,1,flag,joined_tongyang,eq,1,
c_event_ev_a_d26_choice_day_day_26,event,ev_a_d26_choice,1,day,day,eq,26,
c_event_ev_a_d26_choice_flag_route_focus_a_1,event,ev_a_d26_choice,1,flag,route_focus_a,eq,1,
c_event_ev_c_d8_board_day_day_8,event,ev_c_d8_board,1,day,day,eq,8,
c_event_ev_c_d8_board_flag_route_focus_c_1,event,ev_c_d8_board,1,flag,route_focus_c,eq,1,
c_event_ev_c_d10_tip_day_day_10,event,ev_c_d10_tip,1,day,day,eq,10,
c_event_ev_c_d10_tip_flag_route_focus_c_1,event,ev_c_d10_tip,1,flag,route_focus_c,eq,1,
c_event_ev_c_d15_margin_day_day_15,event,ev_c_d15_margin,1,day,day,eq,15,
c_event_ev_c_d15_margin_flag_route_focus_c_1,event,ev_c_d15_margin,1,flag,route_focus_c,eq,1,
c_event_ev_c_d17_rumor_war_day_day_17,event,ev_c_d17_rumor_war,1,day,day,eq,17,
c_event_ev_c_d17_rumor_war_flag_route_focus_c_1,event,ev_c_d17_rumor_war,1,flag,route_focus_c,eq,1,
c_event_ev_c_d19_vip_day_day_19,event,ev_c_d19_vip,1,day,day,eq,19,
c_event_ev_c_d19_vip_flag_route_focus_c_1,event,ev_c_d19_vip,1,flag,route_focus_c,eq,1,
c_event_ev_c_d25_close_call_day_day_25,event,ev_c_d25_close_call,1,day,day,eq,25,
c_event_ev_c_d25_close_call_flag_flag_used_leverage_1,event,ev_c_d25_close_call,1,flag,flag_used_leverage,eq,1,
c_event_ev_d4_salary_day_day_4,event,ev_d4_salary,1,day,day,eq,4,
c_event_ev_d16_festival_day_day_16,event,ev_d16_festival,1,day,day,eq,16,
c_event_ev_d20_storm_day_day_20,event,ev_d20_storm,1,day,day,eq,20,
c_event_ev_a_first_strike_flag_ending_show_a_eq_0,event,ev_a_first_strike,1,flag,ending_show_a,eq,0,防重播
c_event_ev_a_first_strike_day_day_gte_18,event,ev_a_first_strike,1,day,day,gte,18,与B公开对立同档节奏
c_event_ending_a_flag_ending_show_a_eq_1,ending,ending_a,1,flag,ending_show_a,eq,1,须先播第一次截胡演出
c_event_ev_c_first_short_flag_ending_show_c_eq_0,event,ev_c_first_short,1,flag,ending_show_c,eq,0,防与里程碑重复抢播时可并存ready
c_event_ending_c_flag_ending_show_c_eq_1,ending,ending_c,1,flag,ending_show_c,eq,1,须先播第一次做空演出
c_event_ev_c_first_short_day_day_gte_16,event,ev_c_first_short,1,day,day,gte,16,
c_event_ev_flag_su_leak_flag_su_leaks_zhou_info_eq_1,event,ev_flag_su_leak,1,flag,su_leaks_zhou_info,eq,1,
c_event_ev_flag_su_leak_flag_ending_route_b_ready_eq_0,event,ev_flag_su_leak,1,flag,ending_route_b_ready,eq,0,
c_event_ev_flag_su_gifts_flag_su_accepts_son_gifts_eq_1,event,ev_flag_su_gifts,1,flag,su_accepts_son_gifts,eq,1,
c_event_ev_flag_su_gifts_flag_ending_route_b_ready_eq_0,event,ev_flag_su_gifts,1,flag,ending_route_b_ready,eq,0,
c_event_ev_flag_su_betray_risk_flag_su_may_betray_eq_1,event,ev_flag_su_betray_risk,1,flag,su_may_betray,eq,1,
c_event_ev_flag_su_betray_risk_flag_ending_route_b_ready_eq_0,event,ev_flag_su_betray_risk,1,flag,ending_route_b_ready,eq,0,
c_event_ev_flag_son_hostile_flag_son_hostile_eq_1,event,ev_flag_son_hostile,1,flag,son_hostile,eq,1,
c_action_home_guide_su_flag_su_may_betray_eq_0,action,home_guide_su,1,flag,su_may_betray,eq,0,濒临背叛时引导无效/危险，先修关系
c_action_co_pass_rumor_flag_son_hostile_eq_0,action,co_pass_rumor,1,flag,son_hostile,eq,0,少霆敌意高时假消息更易穿帮——暂锁
c_dialogue_choice_dch_dlg_su_guide_cold_relation_su_qing_player_favor_gte_35,dialogue_choice,dch_dlg_su_guide_cold,1,relation,su_qing:player:favor,gte,35,
c_dialogue_choice_dch_dlg_su_office_jab_stat_suspicion_lte_70,dialogue_choice,dch_dlg_su_office_jab,1,stat,suspicion,lte,70,
c_dialogue_choice_dch_dlg_dock_steal_extra_stat_suspicion_lte_55,dialogue_choice,dch_dlg_dock_steal_extra,1,stat,suspicion,lte,55,
c_dialogue_choice_dch_dlg_dock_black_greed_stat_suspicion_lte_50,dialogue_choice,dch_dlg_dock_black_greed,1,stat,suspicion,lte,50,
c_dialogue_choice_dch_dlg_co_frame_fan_flag_flag_finance_framed_eq_1,dialogue_choice,dch_dlg_co_frame_fan,1,flag,flag_finance_framed,eq,1,
c_dialogue_choice_dch_dlg_rival_hijack_ok_flag_can_join_tongyang_eq_1,dialogue_choice,dch_dlg_rival_hijack_ok,1,flag,can_join_tongyang,eq,1,须有通洋接口
c_dialogue_choice_dch_dlg_chen_hire_ok_flag_can_join_tongyang_eq_1,dialogue_choice,dch_dlg_chen_hire_ok,1,flag,can_join_tongyang,eq,1,
c_dialogue_choice_dch_dlg_white_knight_ok_stat_money_gte_40,dialogue_choice,dch_dlg_white_knight_ok,1,stat,money,gte,40,
c_dialogue_choice_dch_dlg_ex_rumor_fake_bold_stat_intel_gte_8,dialogue_choice,dch_dlg_ex_rumor_fake_bold,1,stat,intel,gte,8,
c_dialogue_choice_dch_dlg_boss_task_askpay_stat_trust_gte_30,dialogue_choice,dch_dlg_boss_task_askpay,1,stat,trust,gte,30,
c_event_ev_a_d9_dock_day_day_eq_9,event,ev_a_d9_dock,1,day,day,eq,9,
c_event_ev_a_d9_dock_flag_route_focus_a_eq_1,event,ev_a_d9_dock,1,flag,route_focus_a,eq,1,
c_event_ev_a_d14_tea_day_day_eq_14,event,ev_a_d14_tea,1,day,day,eq,14,
c_event_ev_a_d14_tea_flag_route_focus_a_eq_1,event,ev_a_d14_tea,1,flag,route_focus_a,eq,1,
c_event_ev_a_d17_shadow_day_day_eq_17,event,ev_a_d17_shadow,1,day,day,eq,17,
c_event_ev_a_d17_shadow_flag_route_focus_a_eq_1,event,ev_a_d17_shadow,1,flag,route_focus_a,eq,1,
c_event_ev_a_d21_packet_day_day_eq_21,event,ev_a_d21_packet,1,day,day,eq,21,
c_event_ev_a_d21_packet_flag_route_focus_a_eq_1,event,ev_a_d21_packet,1,flag,route_focus_a,eq,1,
c_event_ev_a_d24_cover_day_day_eq_24,event,ev_a_d24_cover,1,day,day,eq,24,
c_event_ev_a_d24_cover_flag_route_focus_a_eq_1,event,ev_a_d24_cover,1,flag,route_focus_a,eq,1,
c_event_ev_a_d28_ready_day_day_eq_28,event,ev_a_d28_ready,1,day,day,eq,28,
c_event_ev_a_d28_ready_flag_route_focus_a_eq_1,event,ev_a_d28_ready,1,flag,route_focus_a,eq,1,
c_event_ev_a_d30_hook_day_day_eq_30,event,ev_a_d30_hook,1,day,day,eq,30,
c_event_ev_a_d30_hook_flag_route_focus_a_eq_1,event,ev_a_d30_hook,1,flag,route_focus_a,eq,1,
c_event_ev_c_d9_ledger_day_day_eq_9,event,ev_c_d9_ledger,1,day,day,eq,9,
c_event_ev_c_d9_ledger_flag_route_focus_c_eq_1,event,ev_c_d9_ledger,1,flag,route_focus_c,eq,1,
c_event_ev_c_d12_open_day_day_eq_12,event,ev_c_d12_open,1,day,day,eq,12,
c_event_ev_c_d12_open_flag_route_focus_c_eq_1,event,ev_c_d12_open,1,flag,route_focus_c,eq,1,
c_event_ev_c_d16_audit_day_day_eq_16,event,ev_c_d16_audit,1,day,day,eq,16,
c_event_ev_c_d16_audit_flag_route_focus_c_eq_1,event,ev_c_d16_audit,1,flag,route_focus_c,eq,1,
c_event_ev_c_d18_ally_day_day_eq_18,event,ev_c_d18_ally,1,day,day,eq,18,
c_event_ev_c_d18_ally_flag_route_focus_c_eq_1,event,ev_c_d18_ally,1,flag,route_focus_c,eq,1,
c_event_ev_c_d21_spike_day_day_eq_21,event,ev_c_d21_spike,1,day,day,eq,21,
c_event_ev_c_d21_spike_flag_route_focus_c_eq_1,event,ev_c_d21_spike,1,flag,route_focus_c,eq,1,
c_event_ev_c_d21_spike_flag_flag_holding_short_eq_1,event,ev_c_d21_spike,1,flag,flag_holding_short,eq,1,
c_event_ev_c_d24_broker_day_day_eq_24,event,ev_c_d24_broker,1,day,day,eq,24,
c_event_ev_c_d24_broker_flag_route_focus_c_eq_1,event,ev_c_d24_broker,1,flag,route_focus_c,eq,1,
c_event_ev_c_d28_ready_day_day_eq_28,event,ev_c_d28_ready,1,day,day,eq,28,
c_event_ev_c_d28_ready_flag_route_focus_c_eq_1,event,ev_c_d28_ready,1,flag,route_focus_c,eq,1,
c_event_ev_c_d30_hook_day_day_eq_30,event,ev_c_d30_hook,1,day,day,eq,30,
c_event_ev_c_d30_hook_flag_route_focus_c_eq_1,event,ev_c_d30_hook,1,flag,route_focus_c,eq,1,
c_line_variant_var_su_talk_l01_leak_flag_su_leaks_zhou_info_eq_1,line_variant,var_su_talk_l01_leak,1,flag,su_leaks_zhou_info,eq,1,
c_line_variant_var_su_talk_l01_gift_flag_su_accepts_son_gifts_eq_1,line_variant,var_su_talk_l01_gift,1,flag,su_accepts_son_gifts,eq,1,
c_line_variant_var_su_talk_l03_betray_flag_su_may_betray_eq_1,line_variant,var_su_talk_l03_betray,1,flag,su_may_betray,eq,1,
c_line_variant_var_su_talk_l04_betray_flag_su_accepts_son_gifts_eq_1,line_variant,var_su_talk_l04_betray,1,flag,su_accepts_son_gifts,eq,1,
c_line_variant_var_son_meet_l01_hostile_flag_flag_son_hostile_eq_1,line_variant,var_son_meet_l01_hostile_flag,1,flag,son_hostile,eq,1,
c_line_variant_var_boss_flatter_l02_watch_flag_boss_watching_eq_1,line_variant,var_boss_flatter_l02_watch,1,flag,boss_watching,eq,1,
c_line_variant_var_chen_sell_l01_ally_flag_can_join_tongyang_eq_1,line_variant,var_chen_sell_l01_ally,1,flag,can_join_tongyang,eq,1,
c_line_variant_var_ex_buy_l02_low_stat_money_lte_50,line_variant,var_ex_buy_l02_low,1,stat,money,lte,50,
c_line_variant_var_ex_short_l02_lev_flag_flag_used_leverage_eq_1,line_variant,var_ex_short_l02_lev,1,flag,flag_used_leverage,eq,1,
c_line_variant_var_home_guide_l04_leak_flag_su_leaks_zhou_info_eq_1,line_variant,var_home_guide_l04_leak,1,flag,su_leaks_zhou_info,eq,1,
c_line_variant_var_dock_chat_l03_hostile_flag_son_hostile_eq_1,line_variant,var_dock_chat_l03_hostile,1,flag,son_hostile,eq,1,
c_ending_ending_b_flag_ending_show_b_eq_1,ending,ending_b,1,flag,ending_show_b,eq,1,须先播公开对立
c_event_ev_low_money_debuff_flag_low_money_eq_1,event,ev_low_money_debuff,1,flag,low_money,eq,1,与阈值旗一致
c_action_ex_white_knight_flag_suspicion_mid_eq_0,action,ex_white_knight,1,flag,suspicion_mid,eq,0,中度嫌疑时资本不愿见你
c_action_ex_buy_flag_low_money_eq_0,action,ex_buy,1,flag,low_money,eq,0,囊中羞涩时难开多
c_action_dock_black_market_flag_suspicion_mid_eq_0,action,dock_black_market,1,flag,suspicion_mid,eq,0,中度嫌疑时私货太险
c_dch_dlg_su_talk_press_flag_son_notices_su_eq_1,dialogue_choice,dch_dlg_su_talk_press,1,flag,son_notices_su,eq,1,少霆盯上后追问才有意义
c_event_ev_b_d9_night_shift_flag_forced_night_shift_eq_1,event,ev_b_d9_night_shift,1,flag,forced_night_shift,eq,1,打压旗落地
c_event_ev_b_public_clash_flag_tension_high_eq_1,event,ev_b_public_clash,1,flag,tension_high,eq,1,与 tension 数值双保险
c_ending_ending_fail_fired_flag_ending_fail_eq_1,ending,ending_fail_fired,1,flag,ending_fail,eq,1,threshold 写入后可读
c_dialogue_choice_dch_dlg_co_eaves_linger_flag_suspicion_light_eq_0,dialogue_choice,dch_dlg_co_eaves_linger,1,flag,suspicion_light,eq,0,已亮轻嫌疑则勿再贴太久
c_dialogue_choice_dch_dlg_ex_buy_ok_flag_flag_holding_short_eq_0,dialogue_choice,dch_dlg_ex_buy_ok,1,flag,flag_holding_short,eq,0,持空时别用开多确认糊弄——引擎还应查仓
c_dialogue_choice_dch_dlg_ex_short_ok_flag_flag_holding_long_eq_0,dialogue_choice,dch_dlg_ex_short_ok,1,flag,flag_holding_long,eq,0,持多时不开空确认
c_action_ex_white_knight_flag_flag_white_knight_eq_0,action,ex_white_knight,1,flag,flag_white_knight,eq,0,已联系则勿重复白衣骑士行动
c_action_dock_work_weather_storm_eq_0,action,dock_work,1,weather,storm,eq,0,暴雨停工
c_action_dock_watch_manifest_weather_storm_eq_0,action,dock_watch_manifest,1,weather,storm,eq,0,暴雨单子糊了
c_action_dock_black_market_weather_storm_eq_0,action,dock_black_market,1,weather,storm,eq,0,暴雨私货太暴露
c_line_variant_var_dock_work_l01_rain_weather_rain,line_variant,var_dock_work_l01_rain,1,weather,rain,eq,1,
c_line_variant_var_dock_work_l01_cloudy_weather_cloudy,line_variant,var_dock_work_l01_cloudy,1,weather,cloudy,eq,1,
c_line_variant_var_dock_chat_l01_rain_weather_rain,line_variant,var_dock_chat_l01_rain,1,weather,rain,eq,1,
c_line_variant_var_dock_chat_l01_storm_weather_storm,line_variant,var_dock_chat_l01_storm,1,weather,storm,eq,1,
c_line_variant_var_dock_manifest_l01_rain_weather_rain,line_variant,var_dock_manifest_l01_rain,1,weather,rain,eq,1,
c_line_variant_var_dock_board_l01_rain_weather_rain,line_variant,var_dock_board_l01_rain,1,weather,rain,eq,1,
c_line_variant_var_dock_board_l01_storm_weather_storm,line_variant,var_dock_board_l01_storm,1,weather,storm,eq,1,
c_line_variant_var_contact_corner_l01_rain_weather_rain,line_variant,var_contact_corner_l01_rain,1,weather,rain,eq,1,
c_line_variant_var_contact_corner_l01_storm_weather_storm,line_variant,var_contact_corner_l01_storm,1,weather,storm,eq,1,
c_line_variant_var_dock_black_l01_rain_weather_rain,line_variant,var_dock_black_l01_rain,1,weather,rain,eq,1,
c_line_variant_var_co_eaves_l01_rain_weather_rain,line_variant,var_co_eaves_l01_rain,1,weather,rain,eq,1,
c_line_variant_var_home_rest_l01_rain_weather_rain,line_variant,var_home_rest_l01_rain,1,weather,rain,eq,1,
c_line_variant_var_home_rest_l01_storm_weather_storm,line_variant,var_home_rest_l01_storm,1,weather,storm,eq,1,
c_line_variant_var_su_talk_l01_rain_weather_rain,line_variant,var_su_talk_l01_rain,1,weather,rain,eq,1,
c_idle_chatter_chatter_all_rain_weather_rain,idle_chatter,chatter_all_rain,1,weather,rain,eq,1,
c_idle_chatter_chatter_all_rain_weather_storm,idle_chatter,chatter_all_rain,2,weather,storm,eq,1,
c_idle_chatter_chatter_dock_storm_weather_storm,idle_chatter,chatter_dock_storm,1,weather,storm,eq,1,
c_idle_chatter_chatter_home_rain_weather_rain,idle_chatter,chatter_home_rain,1,weather,rain,eq,1,
c_idle_chatter_chatter_home_rain_weather_storm,idle_chatter,chatter_home_rain,2,weather,storm,eq,1,
c_idle_chatter_chatter_co_rain_weather_rain,idle_chatter,chatter_co_rain,1,weather,rain,eq,1,
c_act_plaza_snack_money,action,plaza_snack,1,stat,money,gte,8,
c_act_plaza_buy_tip_money,action,plaza_buy_tip,1,stat,money,gte,12,
c_act_plaza_sell_intel_stat,action,plaza_sell_intel,1,stat,intel,gte,6,
c_act_plaza_ball_wager_money,action,plaza_ball_wager,1,stat,money,gte,8,
c_act_plaza_scratch_money,action,plaza_scratch,1,stat,money,gte,10,
c_act_dock_shelter_rain,action,dock_shelter_talk,1,weather,rain,eq,1,
c_act_dock_shelter_storm,action,dock_shelter_talk,2,weather,storm,eq,1,
c_act_plaza_ball_no_rain,action,plaza_ball_wager,1,weather,rain,eq,0,
c_act_plaza_ball_no_storm,action,plaza_ball_wager,1,weather,storm,eq,0,
c_act_plaza_practice_no_storm,action,plaza_practice,1,weather,storm,eq,0,
c_act_dock_overtime_no_storm,action,dock_overtime,1,weather,storm,eq,0,
c_act_plaza_dice_money,action,plaza_dice,1,stat,money,gte,8,
c_act_plaza_morra_money,action,plaza_morra,1,stat,money,gte,6,
c_act_plaza_storyteller_money,action,plaza_storyteller,1,stat,money,gte,5,
c_act_dock_board_rumor_intel,action,dock_board_rumor,1,stat,intel,gte,3,
c_idle_chatter_dock_shelter_rain,idle_chatter,chatter_dock_shelter,1,weather,rain,eq,1,
c_idle_chatter_dock_shelter_storm,idle_chatter,chatter_dock_shelter,2,weather,storm,eq,1,
c_act_tea_gossip_money,action,tea_gossip,1,stat,money,gte,5,
c_act_tea_toast_money,action,tea_toast,1,stat,money,gte,8,
c_act_tea_broker_money,action,tea_broker,1,stat,money,gte,20,
c_garage_buy_1_money,action,garage_buy_1,1,stat,money,gte,60,
c_garage_buy_1_day,action,garage_buy_1,1,day,day,gte,3,
c_garage_buy_1_tier,action,garage_buy_1,1,stat,vehicle_tier,eq,0,
c_garage_buy_2_money,action,garage_buy_2,1,stat,money,gte,150,
c_garage_buy_2_day,action,garage_buy_2,1,day,day,gte,7,
c_garage_buy_2_net,action,garage_buy_2,1,stat,network_base,gte,35,
c_garage_buy_2_tier,action,garage_buy_2,1,stat,vehicle_tier,eq,1,
c_garage_buy_3_money,action,garage_buy_3,1,stat,money,gte,320,
c_garage_buy_3_day,action,garage_buy_3,1,day,day,gte,12,
c_garage_buy_3_tier,action,garage_buy_3,1,stat,vehicle_tier,eq,2,
c_garage_buy_3_elite,action,garage_buy_3,1,stat,network_elite,gte,8,
c_garage_buy_3_money_g2,action,garage_buy_3,2,stat,money,gte,320,
c_garage_buy_3_day_g2,action,garage_buy_3,2,day,day,gte,12,
c_garage_buy_3_tier_g2,action,garage_buy_3,2,stat,vehicle_tier,eq,2,
c_garage_buy_3_net_alt,action,garage_buy_3,2,stat,network_base,gte,55,
c_garage_buy_4_money,action,garage_buy_4,1,stat,money,gte,700,
c_garage_buy_4_day,action,garage_buy_4,1,day,day,gte,18,
c_garage_buy_4_tier,action,garage_buy_4,1,stat,vehicle_tier,eq,3,
c_garage_buy_4_elite,action,garage_buy_4,1,stat,network_elite,gte,25,
c_home_up_2_money,action,home_upgrade_2,1,stat,money,gte,120,
c_home_up_2_day,action,home_upgrade_2,1,day,day,gte,5,
c_home_up_2_tier,action,home_upgrade_2,1,stat,home_tier,eq,1,
c_home_up_3_money,action,home_upgrade_3,1,stat,money,gte,300,
c_home_up_3_day,action,home_upgrade_3,1,day,day,gte,10,
c_home_up_3_tier,action,home_upgrade_3,1,stat,home_tier,eq,2,
c_home_up_3_bike,action,home_upgrade_3,1,stat,vehicle_tier,gte,1,
c_home_up_3_money_g2,action,home_upgrade_3,2,stat,money,gte,300,
c_home_up_3_day_g2,action,home_upgrade_3,2,day,day,gte,10,
c_home_up_3_tier_g2,action,home_upgrade_3,2,stat,home_tier,eq,2,
c_home_up_3_net_g2,action,home_upgrade_3,2,stat,network_base,gte,40,
c_home_up_4_money,action,home_upgrade_4,1,stat,money,gte,650,
c_home_up_4_day,action,home_upgrade_4,1,day,day,gte,16,
c_home_up_4_tier,action,home_upgrade_4,1,stat,home_tier,eq,3,
c_home_up_4_elite,action,home_upgrade_4,1,stat,network_elite,gte,20,
c_home_drive_car,action,home_drive,1,stat,vehicle_tier,gte,1,
c_chatter_home_tier2,idle_chatter,chatter_home_tier2,1,stat,home_tier,gte,2,
c_chatter_vehicle_rickshaw,idle_chatter,chatter_vehicle_rickshaw,1,stat,vehicle_tier,gte,2,
c_act_co_work_employer_hy,action,co_work,1,employer,hongyuan,eq,1,must be Hongyuan employee
c_act_co_recruit_elder_employer_hy,action,co_recruit_elder,1,employer,hongyuan,eq,1,must be Hongyuan employee
c_act_co_flatter_boss_employer_hy,action,co_flatter_boss,1,employer,hongyuan,eq,1,must be Hongyuan employee
c_act_co_take_blame_employer_hy,action,co_take_blame,1,employer,hongyuan,eq,1,must be Hongyuan employee
c_act_co_boss_task_employer_hy,action,co_boss_task,1,employer,hongyuan,eq,1,must be Hongyuan employee
c_act_co_peek_books_employer_hy,action,co_peek_books,1,employer,hongyuan,eq,1,must be Hongyuan employee
c_act_co_bribe_accountant_employer_hy,action,co_bribe_accountant,1,employer,hongyuan,eq,1,must be Hongyuan employee
c_act_co_frame_finance_employer_hy,action,co_frame_finance,1,employer,hongyuan,eq,1,must be Hongyuan employee
c_act_co_memo_run_employer_hy,action,co_memo_run,1,employer,hongyuan,eq,1,must be Hongyuan employee
c_act_co_resign_employer_hy,action,co_resign,1,employer,hongyuan,eq,1,must be Hongyuan employee
c_act_co_ask_promotion_employer_hy,action,co_ask_promotion,1,employer,hongyuan,eq,1,must be Hongyuan employee
c_act_rival_work_employer_ty,action,rival_work,1,employer,tongyang,eq,1,
c_ev_fail_fired_employer_hy,event,ev_fail_fired,1,employer,hongyuan,eq,1,
c_ev_fail_fired_not_yet,event,ev_fail_fired,1,flag,hongyuan_fired,eq,0,
c_ev_day7_g1_day,event,ev_day7_choice,1,day,day,gte,7,calendar soft gate
c_ev_day7_g1_ra,event,ev_day7_choice,1,flag,route_focus_a,eq,0,
c_ev_day7_g1_rb,event,ev_day7_choice,1,flag,route_focus_b,eq,0,
c_ev_day7_g1_rc,event,ev_day7_choice,1,flag,route_focus_c,eq,0,
c_ev_day7_g2_day,event,ev_day7_choice,2,day,day,gte,5,clue early
c_ev_day7_g2_flag,event,ev_day7_choice,2,flag,su_accepts_son_gifts,eq,1,
c_ev_day7_g2_ra,event,ev_day7_choice,2,flag,route_focus_a,eq,0,
c_ev_day7_g2_rb,event,ev_day7_choice,2,flag,route_focus_b,eq,0,
c_ev_day7_g2_rc,event,ev_day7_choice,2,flag,route_focus_c,eq,0,
c_ev_day7_g3_day,event,ev_day7_choice,3,day,day,gte,5,
c_ev_day7_g3_flag,event,ev_day7_choice,3,flag,forced_night_shift,eq,1,
c_ev_day7_g3_ra,event,ev_day7_choice,3,flag,route_focus_a,eq,0,
c_ev_day7_g3_rb,event,ev_day7_choice,3,flag,route_focus_b,eq,0,
c_ev_day7_g3_rc,event,ev_day7_choice,3,flag,route_focus_c,eq,0,
c_act_rival_accept_not_ty,action,rival_accept_job,1,employer,tongyang,neq,1,not already Tongyang
c_var_dock_work_l01_resigned_g1,line_variant,var_dock_work_l01_resigned,1,flag,resigned_hongyuan,eq,1,freedom
c_var_dock_work_l01_resigned_g2,line_variant,var_dock_work_l01_resigned,2,flag,hongyuan_fired,eq,1,freedom
c_var_dock_chat_l03_resigned_g1,line_variant,var_dock_chat_l03_resigned,1,flag,resigned_hongyuan,eq,1,freedom
c_var_dock_chat_l03_resigned_g2,line_variant,var_dock_chat_l03_resigned,2,flag,hongyuan_fired,eq,1,freedom
c_var_dock_work_l01_tongyang,line_variant,var_dock_work_l01_tongyang,1,employer,tongyang,eq,1,freedom
c_var_chen_hire_l01_career,line_variant,var_chen_hire_l01_career,1,flag,route_focus_a,eq,0,freedom
c_act_rival_ask_promotion_employer,action,rival_ask_promotion,1,employer,tongyang,eq,1,must be Tongyang employee
c_hs_rival_office_joined,hotspot,rival_office,1,flag,joined_tongyang,eq,1,office: employed OR eligible to hire
c_hs_rival_office_can_join,hotspot,rival_office,2,flag,can_join_tongyang,eq,1,office: employed OR eligible to hire
c_hs_rival_meet_can_join,hotspot,rival_meet,2,flag,can_join_tongyang,eq,1,eligible hire can enter meet
c_ev_div_u_g1_day,event,ev_divorce_ultimatum,1,day,day,gte,6,handkerchief/gifts
c_ev_div_u_g1_div,event,ev_divorce_ultimatum,1,flag,divorced_su,eq,0,
c_ev_div_u_g1_sn,event,ev_divorce_ultimatum,1,flag,divorce_snooze,eq,0,
c_ev_div_u_g1_trig,event,ev_divorce_ultimatum,1,flag,su_accepts_son_gifts,eq,1,handkerchief/gifts
c_ev_div_u_g2_day,event,ev_divorce_ultimatum,2,day,day,gte,6,favor crack
c_ev_div_u_g2_div,event,ev_divorce_ultimatum,2,flag,divorced_su,eq,0,
c_ev_div_u_g2_sn,event,ev_divorce_ultimatum,2,flag,divorce_snooze,eq,0,
c_ev_div_u_g2_trig,event,ev_divorce_ultimatum,2,relation,su_qing:player:favor,lte,40,favor crack
c_ev_div_u_g3_day,event,ev_divorce_ultimatum,3,day,day,gte,6,resigned
c_ev_div_u_g3_div,event,ev_divorce_ultimatum,3,flag,divorced_su,eq,0,
c_ev_div_u_g3_sn,event,ev_divorce_ultimatum,3,flag,divorce_snooze,eq,0,
c_ev_div_u_g3_trig,event,ev_divorce_ultimatum,3,flag,resigned_hongyuan,eq,1,resigned
c_ev_div_u_g4_day,event,ev_divorce_ultimatum,4,day,day,gte,6,tongyang
c_ev_div_u_g4_div,event,ev_divorce_ultimatum,4,flag,divorced_su,eq,0,
c_ev_div_u_g4_sn,event,ev_divorce_ultimatum,4,flag,divorce_snooze,eq,0,
c_ev_div_u_g4_trig,event,ev_divorce_ultimatum,4,flag,joined_tongyang,eq,1,tongyang
c_ev_div_u_g5_day,event,ev_divorce_ultimatum,5,day,day,gte,6,may betray
c_ev_div_u_g5_div,event,ev_divorce_ultimatum,5,flag,divorced_su,eq,0,
c_ev_div_u_g5_sn,event,ev_divorce_ultimatum,5,flag,divorce_snooze,eq,0,
c_ev_div_u_g5_trig,event,ev_divorce_ultimatum,5,flag,su_may_betray,eq,1,may betray
c_ev_div_after_divorced,event,ev_divorce_aftermath,1,flag,divorced_su,eq,1,
c_ev_div_after_not_done,event,ev_divorce_aftermath,1,flag,divorce_aftermath_done,eq,0,
c_ev_div_after_day,event,ev_divorce_aftermath,1,day,day,gte,6,
c_act_home_guide_not_div,action,home_guide_su,1,flag,divorced_su,eq,0,lock pillow talk after divorce
c_act_home_div_g1_day,action,home_propose_divorce,1,day,day,gte,6,handkerchief/gifts
c_act_home_div_g1_div,action,home_propose_divorce,1,flag,divorced_su,eq,0,
c_act_home_div_g1_trig,action,home_propose_divorce,1,flag,su_accepts_son_gifts,eq,1,handkerchief/gifts
c_act_home_div_g2_day,action,home_propose_divorce,2,day,day,gte,6,favor crack
c_act_home_div_g2_div,action,home_propose_divorce,2,flag,divorced_su,eq,0,
c_act_home_div_g2_trig,action,home_propose_divorce,2,relation,su_qing:player:favor,lte,40,favor crack
c_act_home_div_g3_day,action,home_propose_divorce,3,day,day,gte,6,resigned
c_act_home_div_g3_div,action,home_propose_divorce,3,flag,divorced_su,eq,0,
c_act_home_div_g3_trig,action,home_propose_divorce,3,flag,resigned_hongyuan,eq,1,resigned
c_act_home_div_g4_day,action,home_propose_divorce,4,day,day,gte,6,tongyang
c_act_home_div_g4_div,action,home_propose_divorce,4,flag,divorced_su,eq,0,
c_act_home_div_g4_trig,action,home_propose_divorce,4,flag,joined_tongyang,eq,1,tongyang
c_act_home_div_g5_day,action,home_propose_divorce,5,day,day,gte,6,may betray
c_act_home_div_g5_div,action,home_propose_divorce,5,flag,divorced_su,eq,0,
c_act_home_div_g5_trig,action,home_propose_divorce,5,flag,su_may_betray,eq,1,may betray
c_var_su_talk_l01_div,line_variant,var_su_talk_l01_divorced,1,flag,divorced_su,eq,1,
c_var_su_talk_l01_div_not_wpn,line_variant,var_su_talk_l01_divorced,1,flag,divorce_as_weapon,eq,0,
c_var_su_talk_l03_div,line_variant,var_su_talk_l03_divorced,1,flag,divorced_su,eq,1,
c_var_su_talk_l03_div_not_wpn,line_variant,var_su_talk_l03_divorced,1,flag,divorce_as_weapon,eq,0,
c_var_su_talk_l01_wpn,line_variant,var_su_talk_l01_weapon,1,flag,divorce_as_weapon,eq,1,
c_var_su_talk_l03_wpn,line_variant,var_su_talk_l03_weapon,1,flag,divorce_as_weapon,eq,1,
c_var_chen_lobby_div,line_variant,var_chen_lobby_l02_divorced,1,flag,divorced_su,eq,1,
c_var_home_rest_div,line_variant,var_home_rest_l02_divorced,1,flag,divorced_su,eq,1,
c_chatter_divorce_rumor,idle_chatter,chatter_divorce_rumor,1,flag,divorced_su,eq,1,
c_chatter_divorce_weapon,idle_chatter,chatter_divorce_weapon,1,flag,divorce_as_weapon,eq,1,
c_ev_power_flex_g1_day,event,ev_power_flex,1,day,day,gte,10,power flex
c_ev_power_flex_g1_done,event,ev_power_flex,1,flag,power_flex_done,eq,0,
c_ev_power_flex_g1_flag,event,ev_power_flex,1,flag,claimed_promo_manager,eq,1,claimed_promo_manager
c_ev_power_flex_g2_day,event,ev_power_flex,2,day,day,gte,10,power flex
c_ev_power_flex_g2_done,event,ev_power_flex,2,flag,power_flex_done,eq,0,
c_ev_power_flex_g2_flag,event,ev_power_flex,2,flag,claimed_promo_ty_supervisor,eq,1,claimed_promo_ty_supervisor
c_ev_su_rec_path,event,ev_su_reconcile,1,flag,su_reconcile_path,eq,1,
c_ev_su_rec_done,event,ev_su_reconcile,1,flag,su_reconcile_done,eq,0,
c_ev_su_rec_day,event,ev_su_reconcile,1,day,day,gte,6,
c_ev_su_rec_not_tool,event,ev_su_reconcile,1,flag,su_used_as_tool,eq,0,利用优先不抢求合演出
c_ev_su_lg_flag,event,ev_su_let_go,1,flag,su_let_go,eq,1,
c_ev_su_lg_done,event,ev_su_let_go,1,flag,su_let_go_done,eq,0,
c_ev_su_lg_day,event,ev_su_let_go,1,day,day,gte,6,
c_var_su_office_promo,line_variant,var_su_office_l01_promo,1,flag,claimed_promo_manager,eq,1,
c_var_su_office_promo_nd,line_variant,var_su_office_l01_promo,1,flag,divorced_su,eq,0,
c_var_su_talk_lg_l01,line_variant,var_su_talk_l01_let_go,1,flag,su_let_go,eq,1,
c_var_su_talk_lg_l01_nt,line_variant,var_su_talk_l01_let_go,1,flag,su_used_as_tool,eq,0,
c_var_su_talk_lg_l03,line_variant,var_su_talk_l03_let_go,1,flag,su_let_go,eq,1,
c_var_su_talk_lg_l03_nt,line_variant,var_su_talk_l03_let_go,1,flag,su_used_as_tool,eq,0,
c_chatter_su_tool,idle_chatter,chatter_su_used_tool,1,flag,su_used_as_tool,eq,1,
c_dch_su_let_go_favor,dialogue_choice,dch_dlg_su_talk_let_go,1,relation,su_qing:player:favor,lte,45,
c_dch_su_let_go_weapon,dialogue_choice,dch_dlg_su_talk_let_go,1,flag,divorce_as_weapon,eq,0,
c_dch_su_let_go_once,dialogue_choice,dch_dlg_su_talk_let_go,1,flag,su_let_go,eq,0,
c_dch_su_scheme_day,dialogue_choice,dch_dlg_su_talk_scheme,1,day,day,gte,4,试探别太早
c_var_su_talk_rec_l01_g1_path,line_variant,var_su_talk_l01_reconcile,1,flag,su_reconcile_path,eq,1,
c_var_su_talk_rec_l01_g1_nt,line_variant,var_su_talk_l01_reconcile,1,flag,su_used_as_tool,eq,0,
c_var_su_talk_rec_l01_g1_day,line_variant,var_su_talk_l01_reconcile,1,day,day,gte,6,
c_var_su_talk_rec_l01_g1_trig,line_variant,var_su_talk_l01_reconcile,1,flag,su_accepts_son_gifts,eq,1,礼物裂
c_var_su_talk_rec_l01_g2_path,line_variant,var_su_talk_l01_reconcile,2,flag,su_reconcile_path,eq,1,
c_var_su_talk_rec_l01_g2_nt,line_variant,var_su_talk_l01_reconcile,2,flag,su_used_as_tool,eq,0,
c_var_su_talk_rec_l01_g2_day,line_variant,var_su_talk_l01_reconcile,2,day,day,gte,6,
c_var_su_talk_rec_l01_g2_trig,line_variant,var_su_talk_l01_reconcile,2,flag,divorced_su,eq,1,退婚后
c_var_su_talk_rec_l01_g3_path,line_variant,var_su_talk_l01_reconcile,3,flag,su_reconcile_path,eq,1,
c_var_su_talk_rec_l01_g3_nt,line_variant,var_su_talk_l01_reconcile,3,flag,su_used_as_tool,eq,0,
c_var_su_talk_rec_l01_g3_day,line_variant,var_su_talk_l01_reconcile,3,day,day,gte,6,
c_var_su_talk_rec_l01_g3_trig,line_variant,var_su_talk_l01_reconcile,3,flag,son_notices_su,eq,1,少霆盯人后
c_var_su_talk_rec_l03_g1_path,line_variant,var_su_talk_l03_reconcile,1,flag,su_reconcile_path,eq,1,
c_var_su_talk_rec_l03_g1_nt,line_variant,var_su_talk_l03_reconcile,1,flag,su_used_as_tool,eq,0,
c_var_su_talk_rec_l03_g1_day,line_variant,var_su_talk_l03_reconcile,1,day,day,gte,6,
c_var_su_talk_rec_l03_g1_trig,line_variant,var_su_talk_l03_reconcile,1,flag,su_accepts_son_gifts,eq,1,礼物裂
c_var_su_talk_rec_l03_g2_path,line_variant,var_su_talk_l03_reconcile,2,flag,su_reconcile_path,eq,1,
c_var_su_talk_rec_l03_g2_nt,line_variant,var_su_talk_l03_reconcile,2,flag,su_used_as_tool,eq,0,
c_var_su_talk_rec_l03_g2_day,line_variant,var_su_talk_l03_reconcile,2,day,day,gte,6,
c_var_su_talk_rec_l03_g2_trig,line_variant,var_su_talk_l03_reconcile,2,flag,divorced_su,eq,1,退婚后
c_var_su_talk_rec_l03_g3_path,line_variant,var_su_talk_l03_reconcile,3,flag,su_reconcile_path,eq,1,
c_var_su_talk_rec_l03_g3_nt,line_variant,var_su_talk_l03_reconcile,3,flag,su_used_as_tool,eq,0,
c_var_su_talk_rec_l03_g3_day,line_variant,var_su_talk_l03_reconcile,3,day,day,gte,6,
c_var_su_talk_rec_l03_g3_trig,line_variant,var_su_talk_l03_reconcile,3,flag,son_notices_su,eq,1,少霆盯人后
c_var_su_talk_tool_l01,line_variant,var_su_talk_l01_tool,1,flag,su_used_as_tool,eq,1,
c_var_su_talk_tool_l01_day,line_variant,var_su_talk_l01_tool,1,day,day,gte,5,利用台词勿抢跑
c_var_su_talk_tool_l03,line_variant,var_su_talk_l03_tool,1,flag,su_used_as_tool,eq,1,
c_var_su_talk_tool_l03_day,line_variant,var_su_talk_l03_tool,1,day,day,gte,5,利用台词勿抢跑
c_var_su_office_promo_ty,line_variant,var_su_office_l01_promo_ty,1,flag,claimed_promo_ty_supervisor,eq,1,
c_var_su_office_promo_ty_nd,line_variant,var_su_office_l01_promo_ty,1,flag,divorced_su,eq,0,
c_var_su_office_promo_ty_nm,line_variant,var_su_office_l01_promo_ty,1,flag,claimed_promo_manager,eq,0,宏远经理优先用经理变体
c_var_su_office_l03_promo,line_variant,var_su_office_l03_promo,1,flag,claimed_promo_manager,eq,1,
c_var_su_office_l03_promo_ty,line_variant,var_su_office_l03_promo_ty,1,flag,claimed_promo_ty_supervisor,eq,1,
c_var_su_office_l03_promo_ty_nm,line_variant,var_su_office_l03_promo_ty,1,flag,claimed_promo_manager,eq,0,
c_var_su_talk_l02_div,line_variant,var_su_talk_l02_divorced,1,flag,divorced_su,eq,1,
c_var_su_talk_l02_div_nt,line_variant,var_su_talk_l02_divorced,1,flag,su_used_as_tool,eq,0,
c_var_su_talk_l02_lg,line_variant,var_su_talk_l02_let_go,1,flag,su_let_go,eq,1,
c_var_su_talk_l02_lg_nt,line_variant,var_su_talk_l02_let_go,1,flag,su_used_as_tool,eq,0,
c_var_su_talk_l02_tool,line_variant,var_su_talk_l02_tool,1,flag,su_used_as_tool,eq,1,
c_var_su_talk_l02_tool_day,line_variant,var_su_talk_l02_tool,1,day,day,gte,5,
c_var_street_su_l01_div,line_variant,var_street_su_l01_divorced,1,flag,divorced_su,eq,1,
c_var_street_su_l01_div_nt,line_variant,var_street_su_l01_divorced,1,flag,su_used_as_tool,eq,0,
c_var_street_su_l01_lg,line_variant,var_street_su_l01_let_go,1,flag,su_let_go,eq,1,
c_var_street_su_l01_lg_nt,line_variant,var_street_su_l01_let_go,1,flag,su_used_as_tool,eq,0,
c_var_street_su_l01_tool,line_variant,var_street_su_l01_tool,1,flag,su_used_as_tool,eq,1,
c_var_street_su_l01_tool_day,line_variant,var_street_su_l01_tool,1,day,day,gte,5,
c_var_street_su_l01_rec,line_variant,var_street_su_l01_reconciled,1,flag,su_reconcile_done,eq,1,
c_var_street_su_l01_rec_nt,line_variant,var_street_su_l01_reconciled,1,flag,su_used_as_tool,eq,0,
c_var_street_su_l01_rec_nd,line_variant,var_street_su_l01_reconciled,1,flag,divorced_su,eq,0,
c_var_street_su_l03_div,line_variant,var_street_su_l03_divorced,1,flag,divorced_su,eq,1,
c_var_street_su_l03_div_nt,line_variant,var_street_su_l03_divorced,1,flag,su_used_as_tool,eq,0,
c_var_street_su_l03_lg,line_variant,var_street_su_l03_let_go,1,flag,su_let_go,eq,1,
c_var_street_su_l03_lg_nt,line_variant,var_street_su_l03_let_go,1,flag,su_used_as_tool,eq,0,
c_var_street_su_l03_tool,line_variant,var_street_su_l03_tool,1,flag,su_used_as_tool,eq,1,
c_var_street_su_l03_tool_day,line_variant,var_street_su_l03_tool,1,day,day,gte,5,
c_var_street_su_l03_rec,line_variant,var_street_su_l03_reconciled,1,flag,su_reconcile_done,eq,1,
c_var_street_su_l03_rec_nt,line_variant,var_street_su_l03_reconciled,1,flag,su_used_as_tool,eq,0,
c_var_street_su_l03_rec_nd,line_variant,var_street_su_l03_reconciled,1,flag,divorced_su,eq,0,
c_var_street_son_hostile,line_variant,var_street_son_l01_hostile,1,flag,son_hostile,eq,1,
c_var_street_son_night,line_variant,var_street_son_l01_night,1,flag,forced_night_shift,eq,1,
c_var_street_son_promo,line_variant,var_street_son_l01_promo,1,flag,claimed_promo_manager,eq,1,
c_var_street_son_promo_ty,line_variant,var_street_son_l01_promo_ty,1,flag,claimed_promo_ty_supervisor,eq,1,
c_var_street_son_promo_ty_nm,line_variant,var_street_son_l01_promo_ty,1,flag,claimed_promo_manager,eq,0,
c_var_street_son_flex,line_variant,var_street_son_l01_flex,1,flag,power_flex_done,eq,1,
c_var_street_boss_night,line_variant,var_street_boss_l01_night,1,flag,forced_night_shift,eq,1,
c_var_street_boss_night_nr,line_variant,var_street_boss_l01_night,1,flag,resigned_hongyuan,eq,0,
c_var_street_boss_watch,line_variant,var_street_boss_l01_watch,1,flag,boss_watching,eq,1,
c_var_street_boss_watch_nr,line_variant,var_street_boss_l01_watch,1,flag,resigned_hongyuan,eq,0,
c_var_street_boss_resigned,line_variant,var_street_boss_l01_resigned,1,flag,resigned_hongyuan,eq,1,
c_var_street_chen_joined,line_variant,var_street_chen_l01_joined,1,flag,joined_tongyang,eq,1,
c_var_street_chen_resigned,line_variant,var_street_chen_l01_resigned,1,flag,resigned_hongyuan,eq,1,
c_var_street_chen_resigned_nj,line_variant,var_street_chen_l01_resigned,1,flag,joined_tongyang,eq,0,
c_var_street_chen_focus_a,line_variant,var_street_chen_l01_focus_a,1,flag,route_focus_a,eq,1,
c_var_street_chen_focus_a_nj,line_variant,var_street_chen_l01_focus_a,1,flag,joined_tongyang,eq,0,
c_var_street_foreman_night,line_variant,var_street_foreman_l01_night,1,flag,forced_night_shift,eq,1,
c_var_street_waiter_heard,line_variant,var_street_waiter_l01_heard,1,flag,heard_waiter_gossip,eq,1,
c_var_street_waiter_heard_nd,line_variant,var_street_waiter_l01_heard,1,flag,divorced_su,eq,0,
c_var_street_waiter_div,line_variant,var_street_waiter_l01_divorced,1,flag,divorced_su,eq,1,
c_var_street_aunt_div,line_variant,var_street_aunt_l01_divorced,1,flag,divorced_su,eq,1,
c_var_street_aunt_son,line_variant,var_street_aunt_l01_son,1,flag,son_notices_su,eq,1,
c_var_street_aunt_son_nd,line_variant,var_street_aunt_l01_son,1,flag,divorced_su,eq,0,
c_var_dock_chat_night,line_variant,var_dock_chat_l03_night,1,flag,forced_night_shift,eq,1,
c_chatter_home_05_nd,idle_chatter,chatter_home_05,1,flag,divorced_su,eq,0,她还在才捻灯
c_chatter_home_divorced,idle_chatter,chatter_home_divorced,1,flag,divorced_su,eq,1,
c_chatter_co_08_g1_day,idle_chatter,chatter_co_08,1,day,day,gte,4,洋纱勿Day1剧透
c_chatter_co_08_g2_gift,idle_chatter,chatter_co_08,2,flag,su_accepts_son_gifts,eq,1,
c_chatter_home_02_g1_day,idle_chatter,chatter_home_02,1,day,day,gte,3,
c_chatter_home_02_g2_son,idle_chatter,chatter_home_02,2,flag,son_notices_su,eq,1,
c_chatter_dock_night,idle_chatter,chatter_dock_night_shift,1,flag,forced_night_shift,eq,1,
c_chatter_co_hand_g1,idle_chatter,chatter_co_handkerchief,1,flag,su_accepts_son_gifts,eq,1,
c_chatter_tea_follow,idle_chatter,chatter_tea_waiter_follow,1,flag,heard_waiter_gossip,eq,1,
c_var_co_ask_promo_l01_night,line_variant,var_co_ask_promo_l01_night,1,flag,forced_night_shift,eq,1,
c_var_co_ask_promo_l03_night,line_variant,var_co_ask_promo_l03_night,1,flag,forced_night_shift,eq,1,
c_var_street_boss_focus_b,line_variant,var_street_boss_l01_focus_b,1,flag,route_focus_b,eq,1,
c_var_street_boss_focus_b_nr,line_variant,var_street_boss_l01_focus_b,1,flag,resigned_hongyuan,eq,0,
c_var_street_boss_focus_c,line_variant,var_street_boss_l01_focus_c,1,flag,route_focus_c,eq,1,
c_var_street_boss_focus_c_nr,line_variant,var_street_boss_l01_focus_c,1,flag,resigned_hongyuan,eq,0,
c_var_street_chen_focus_c,line_variant,var_street_chen_l01_focus_c,1,flag,route_focus_c,eq,1,
c_var_street_chen_focus_c_nj,line_variant,var_street_chen_l01_focus_c,1,flag,joined_tongyang,eq,0,
c_var_street_waiter_gifts,line_variant,var_street_waiter_l01_gifts,1,flag,su_accepts_son_gifts,eq,1,
c_var_street_waiter_gifts_nd,line_variant,var_street_waiter_l01_gifts,1,flag,divorced_su,eq,0,
c_var_street_su_l01_gifts,line_variant,var_street_su_l01_gifts,1,flag,su_accepts_son_gifts,eq,1,
c_var_street_su_l01_gifts_nd,line_variant,var_street_su_l01_gifts,1,flag,divorced_su,eq,0,
c_var_street_su_l01_gifts_nt,line_variant,var_street_su_l01_gifts,1,flag,su_used_as_tool,eq,0,
c_var_street_su_l03_gifts,line_variant,var_street_su_l03_gifts,1,flag,su_accepts_son_gifts,eq,1,
c_var_street_su_l03_gifts_nd,line_variant,var_street_su_l03_gifts,1,flag,divorced_su,eq,0,
c_var_street_su_l03_gifts_nt,line_variant,var_street_su_l03_gifts,1,flag,su_used_as_tool,eq,0,
c_var_su_talk_l04_rec_g1_path,line_variant,var_su_talk_l04_reconcile,1,flag,su_reconcile_path,eq,1,
c_var_su_talk_l04_rec_g1_nt,line_variant,var_su_talk_l04_reconcile,1,flag,su_used_as_tool,eq,0,
c_var_su_talk_l04_rec_g1_day,line_variant,var_su_talk_l04_reconcile,1,day,day,gte,6,
c_var_su_talk_l04_rec_g1_trig,line_variant,var_su_talk_l04_reconcile,1,flag,su_accepts_son_gifts,eq,1,
c_var_su_talk_l04_rec_g2_path,line_variant,var_su_talk_l04_reconcile,2,flag,su_reconcile_path,eq,1,
c_var_su_talk_l04_rec_g2_nt,line_variant,var_su_talk_l04_reconcile,2,flag,su_used_as_tool,eq,0,
c_var_su_talk_l04_rec_g2_day,line_variant,var_su_talk_l04_reconcile,2,day,day,gte,6,
c_var_su_talk_l04_rec_g2_trig,line_variant,var_su_talk_l04_reconcile,2,flag,divorced_su,eq,1,
c_var_su_talk_l04_rec_g3_path,line_variant,var_su_talk_l04_reconcile,3,flag,su_reconcile_path,eq,1,
c_var_su_talk_l04_rec_g3_nt,line_variant,var_su_talk_l04_reconcile,3,flag,su_used_as_tool,eq,0,
c_var_su_talk_l04_rec_g3_day,line_variant,var_su_talk_l04_reconcile,3,day,day,gte,6,
c_var_su_talk_l04_rec_g3_trig,line_variant,var_su_talk_l04_reconcile,3,flag,son_notices_su,eq,1,
c_var_su_talk_l04_tool,line_variant,var_su_talk_l04_tool,1,flag,su_used_as_tool,eq,1,
c_var_su_talk_l04_tool_day,line_variant,var_su_talk_l04_tool,1,day,day,gte,5,
c_var_su_talk_l04_lg,line_variant,var_su_talk_l04_let_go,1,flag,su_let_go,eq,1,
c_var_su_talk_l04_lg_nt,line_variant,var_su_talk_l04_let_go,1,flag,su_used_as_tool,eq,0,
c_chatter_plaza_d7a,idle_chatter,chatter_plaza_day7_a,1,flag,route_focus_a,eq,1,
c_chatter_home_focus_b,idle_chatter,chatter_home_focus_b,1,flag,route_focus_b,eq,1,
c_chatter_ex_focus_c,idle_chatter,chatter_ex_focus_c,1,flag,route_focus_c,eq,1,
c_var_home_plan_l02_a,line_variant,var_home_plan_l02_a,1,flag,route_focus_a,eq,1,
c_var_home_plan_l02_c,line_variant,var_home_plan_l02_c,1,flag,route_focus_c,eq,1,
c_chatter_home_focus_a,idle_chatter,chatter_home_focus_a,1,flag,route_focus_a,eq,1,
c_chatter_home_focus_c,idle_chatter,chatter_home_focus_c,1,flag,route_focus_c,eq,1,
