id,owner_type,owner_id,effect_type,target,key,op,value,chance,notes
fx_0001,action,dock_work,stat,,money,add,20,1,
fx_0002,action,dock_work,stat,,network_base,add,1,1,
fx_0003,action,dock_work,stat,,trust,add,1,1,
fx_0004,action,dock_work,stat,,suspicion,add,1,1,
fx_0005,action,dock_chat,stat,,money,add,-2,1,
fx_0009,action,dock_watch_manifest,stat,,intel,add,5,1,
fx_0010,action,dock_watch_manifest,stat,,suspicion,add,4,1,
fx_0011,action,dock_report,stat,,trust,add,4,1,
fx_0015,action,dock_bribe_clerk,stat,,money,add,-25,1,
fx_0019,action,dock_check_board,stat,,intel,add,4,1,
fx_0020,action,dock_check_board,stat,,network_elite,add,1,1,
fx_0021,action,dock_check_board,stat,,stock_price,add,1,1,
fx_0030,action,co_work,stat,,money,add,8,1,
fx_0031,action,co_work,stat,,network_base,add,1,1,
fx_0032,action,co_work,stat,,trust,add,3,1,
fx_0037,action,co_recruit_elder,stat,,money,add,-20,1,
fx_0038,action,co_recruit_elder,stat,,intel,add,2,1,
fx_0039,action,co_recruit_elder,stat,,network_base,add,6,1,
fx_0040,action,co_recruit_elder,stat,,trust,add,2,1,
fx_0041,action,co_recruit_elder,stat,,suspicion,add,3,1,
fx_0068,action,co_bribe_accountant,stat,,money,add,-40,1,
fx_0072,action,co_frame_finance,stat,,money,add,-10,1,
fx_0073,action,co_frame_finance,stat,,intel,add,-10,1,
fx_0079,action,home_organize,stat,,intel,add,6,1,
fx_0080,action,home_organize,stat,,suspicion,add,-2,1,
fx_0081,action,home_plan,stat,,intel,add,2,1,
fx_0082,action,home_plan,stat,,suspicion,add,-1,1,
fx_0100,action,rival_plot_poach,stat,,money,add,-10,1,
fx_0101,action,rival_plot_poach,stat,,network_elite,add,3,1,
fx_0102,action,rival_plot_poach,stat,,suspicion,add,8,1,
fx_0117,action,ex_trade,stat,,network_elite,add,1,1,
fx_0118,action,ex_trade,stat,,suspicion,add,1,1,
fx_0120,action,ex_buy,stat,,network_elite,add,1,1,
fx_0121,action,ex_buy,stat,,suspicion,add,1,1,
fx_0125,action,ex_short,stat,,network_elite,add,1,1,
fx_0126,action,ex_short,stat,,suspicion,add,2,1,
fx_0131,action,ex_rumor_true,stat,,network_elite,add,2,1,
fx_0143,action,ex_leverage,stat,,network_elite,add,2,1,
fx_0151,threshold,th_su_leak,flag,,su_leaks_zhou_info,set,1,1,晚晴主动透露周家消息
fx_0152,threshold,th_su_drift,flag,,su_accepts_son_gifts,set,1,1,接受贵重礼物并疏远主角
fx_0153,threshold,th_su_betray,flag,,su_may_betray,set,1,1,好感过低可能反水告密
fx_0154,threshold,th_father_conflict,stat,,father_son_tension,add,15,1,父子信任崩 → 矛盾激化（可叠加事件）
fx_0155,threshold,th_boss_watch,flag,,boss_watching,set,1,1,派人监视；阴谋成功率下降
fx_0156,threshold,th_son_hostile,flag,,son_hostile,set,1,1,少霆开始针对打压
fx_0157,threshold,th_chen_ally,flag,,can_join_tongyang,set,1,1,具备跳槽谈判资格
fx_0158,threshold,st_low_money,flag,,low_money,set,1,1,
fx_0159,threshold,st_clear_low_money,flag,,low_money,set,0,1,
fx_0160,threshold,st_suspicion_light,flag,,suspicion_light,set,1,1,
fx_0161,threshold,st_suspicion_mid,flag,,suspicion_mid,set,1,1,
fx_0162,threshold,st_suspicion_heavy,flag,,ending_fail,set,1,1,
fx_0163,threshold,st_b_tension,flag,,tension_high,set,1,1,only marks tension; clash event grants ending_route_b_ready
fx_0164,choice,ch_d7_endure,flag,,route_focus_b,set,1,1,倾向标记可并存
fx_0165,choice,ch_d7_defect,flag,,route_focus_a,set,1,1,
fx_0166,choice,ch_d7_finance,flag,,route_focus_c,set,1,1,
fx_0167,choice,ch_d7_endure,stat,,father_son_tension,add,5,1,
fx_0168,choice,ch_d7_defect,stat,,intel,add,3,1,
fx_0169,choice,ch_d7_finance,stat,,network_elite,add,2,1,
fx_0170,choice,ch_b_push,stat,,father_son_tension,add,12,1,
fx_0171,choice,ch_b_push,stat,,intel,add,-5,1,
fx_0172,choice,ch_b_push,stat,,suspicion,add,6,1,
fx_0173,choice,ch_b_push,relation,,su_qing:zhou_shaoting:intimacy,add,5,1,
fx_0174,choice,ch_b_wait,stat,,suspicion,add,-3,1,
fx_0175,event,ev_day5_promotion_stolen,stat,,trust,add,-15,1,
fx_0176,event,ev_day5_promotion_stolen,stat,,suspicion,add,5,1,
fx_0177,event,ev_day5_promotion_stolen,flag,,forced_night_shift,set,1,1,
fx_0178,choice,ch_d6_ask,relation,,su_qing:player:favor,add,-10,1,
fx_0179,choice,ch_d6_ask,stat,,intel,add,4,1,
fx_0180,choice,ch_d6_hold,relation,,su_qing:player:favor,add,-3,1,
fx_0181,choice,ch_d6_hold,relation,,su_qing:zhou_shaoting:intimacy,add,5,1,
fx_0182,choice,ch_b_clash_ok,flag,,ending_route_b_ready,set,1,1,
fx_0183,choice,ch_b_clash_ok,stat,,trust,add,20,1,借机升主管：信任抬到货仓主管档
fx_0184,choice,ch_a_ok,flag,,ending_show_a,set,1,1,
fx_0185,choice,ch_c_ok,flag,,ending_show_c,set,1,1,
fx_0186,choice,ch_c_ok,stat,,money,add,120,1,第一桶金占位
fx_0187,choice,ch_fail_fired_ok,flag,,ending_fail,set,1,1,
fx_0188,choice,ch_fail_broke_ok,flag,,ending_fail,set,1,1,
fx_dch_dlg_su_talk_soft_1,dialogue_choice,dch_dlg_su_talk_soft,relation,,su_qing:player:favor,add,6,1,
fx_dch_dlg_su_talk_soft_2,dialogue_choice,dch_dlg_su_talk_soft,relation,,su_qing:player:trust,add,3,1,
fx_dch_dlg_su_talk_soft_3,dialogue_choice,dch_dlg_su_talk_soft,stat,,intel,add,3,1,
fx_dch_dlg_su_talk_soft_4,dialogue_choice,dch_dlg_su_talk_soft,stat,,father_son_tension,add,1,1,
fx_dch_dlg_su_talk_press_1,dialogue_choice,dch_dlg_su_talk_press,relation,,su_qing:player:favor,add,-4,1,
fx_dch_dlg_su_talk_press_2,dialogue_choice,dch_dlg_su_talk_press,relation,,su_qing:zhou_shaoting:intimacy,add,2,1,
fx_dch_dlg_su_talk_press_3,dialogue_choice,dch_dlg_su_talk_press,stat,,intel,add,5,1,
fx_dch_dlg_su_talk_press_4,dialogue_choice,dch_dlg_su_talk_press,stat,,suspicion,add,1,1,
fx_dch_dlg_su_talk_scheme_1,dialogue_choice,dch_dlg_su_talk_scheme,relation,,su_qing:player:favor,add,2,1,
fx_dch_dlg_su_talk_scheme_2,dialogue_choice,dch_dlg_su_talk_scheme,relation,,su_qing:player:suspicion,add,3,1,
fx_dch_dlg_su_talk_scheme_3,dialogue_choice,dch_dlg_su_talk_scheme,stat,,intel,add,4,1,
fx_dch_dlg_su_talk_scheme_4,dialogue_choice,dch_dlg_su_talk_scheme,stat,,father_son_tension,add,2,1,
fx_dch_dlg_su_guide_ok_1,dialogue_choice,dch_dlg_su_guide_ok,relation,,su_qing:player:favor,add,4,1,
fx_dch_dlg_su_guide_ok_2,dialogue_choice,dch_dlg_su_guide_ok,relation,,su_qing:zhou_shaoting:intimacy,add,4,1,
fx_dch_dlg_su_guide_ok_3,dialogue_choice,dch_dlg_su_guide_ok,stat,,father_son_tension,add,5,1,
fx_dch_dlg_su_guide_ok_4,dialogue_choice,dch_dlg_su_guide_ok,stat,,intel,add,-2,1,
fx_dch_dlg_su_guide_ok_5,dialogue_choice,dch_dlg_su_guide_ok,stat,,suspicion,add,2,1,
fx_dch_dlg_su_guide_cold_1,dialogue_choice,dch_dlg_su_guide_cold,relation,,su_qing:player:favor,add,-6,1,
fx_dch_dlg_su_guide_cold_2,dialogue_choice,dch_dlg_su_guide_cold,relation,,su_qing:zhou_shaoting:intimacy,add,6,1,
fx_dch_dlg_su_guide_cold_3,dialogue_choice,dch_dlg_su_guide_cold,stat,,father_son_tension,add,10,1,
fx_dch_dlg_su_guide_cold_4,dialogue_choice,dch_dlg_su_guide_cold,stat,,suspicion,add,2,1,
fx_dch_dlg_su_office_calm_1,dialogue_choice,dch_dlg_su_office_calm,relation,,su_qing:player:favor,add,2,1,
fx_dch_dlg_su_office_calm_2,dialogue_choice,dch_dlg_su_office_calm,relation,,zhou_shaoting:player:suspicion,add,2,1,
fx_dch_dlg_su_office_calm_3,dialogue_choice,dch_dlg_su_office_calm,stat,,intel,add,2,1,
fx_dch_dlg_su_office_jab_1,dialogue_choice,dch_dlg_su_office_jab,relation,,zhou_shaoting:player:favor,add,-5,1,
fx_dch_dlg_su_office_jab_2,dialogue_choice,dch_dlg_su_office_jab,relation,,su_qing:player:favor,add,-2,1,
fx_dch_dlg_su_office_jab_3,dialogue_choice,dch_dlg_su_office_jab,stat,,father_son_tension,add,2,1,
fx_dch_dlg_su_office_jab_4,dialogue_choice,dch_dlg_su_office_jab,stat,,suspicion,add,3,1,
fx_dch_dlg_boss_flatter_ok_1,dialogue_choice,dch_dlg_boss_flatter_ok,stat,,trust,add,5,1,
fx_dch_dlg_boss_flatter_ok_2,dialogue_choice,dch_dlg_boss_flatter_ok,relation,,zhou_hongye:player:trust,add,4,1,
fx_dch_dlg_boss_flatter_ok_3,dialogue_choice,dch_dlg_boss_flatter_ok,relation,,zhou_hongye:player:favor,add,3,1,
fx_dch_dlg_boss_flatter_ok_4,dialogue_choice,dch_dlg_boss_flatter_ok,stat,,father_son_tension,add,-1,1,
fx_dch_dlg_boss_blame_ok_1,dialogue_choice,dch_dlg_boss_blame_ok,stat,,trust,add,6,1,
fx_dch_dlg_boss_blame_ok_2,dialogue_choice,dch_dlg_boss_blame_ok,stat,,intel,add,3,1,
fx_dch_dlg_boss_blame_ok_3,dialogue_choice,dch_dlg_boss_blame_ok,stat,,suspicion,add,2,1,
fx_dch_dlg_boss_blame_ok_4,dialogue_choice,dch_dlg_boss_blame_ok,stat,,father_son_tension,add,2,1,
fx_dch_dlg_boss_blame_ok_5,dialogue_choice,dch_dlg_boss_blame_ok,relation,,zhou_hongye:player:trust,add,5,1,
fx_dch_dlg_boss_task_ok_1,dialogue_choice,dch_dlg_boss_task_ok,stat,,money,add,12,1,
fx_dch_dlg_boss_task_ok_2,dialogue_choice,dch_dlg_boss_task_ok,stat,,trust,add,4,1,
fx_dch_dlg_boss_task_ok_3,dialogue_choice,dch_dlg_boss_task_ok,relation,,zhou_hongye:player:favor,add,2,1,
fx_dch_dlg_son_meet_endure_1,dialogue_choice,dch_dlg_son_meet_endure,stat,,intel,add,2,1,
fx_dch_dlg_son_meet_endure_2,dialogue_choice,dch_dlg_son_meet_endure,relation,,zhou_shaoting:player:suspicion,add,2,1,
fx_dch_dlg_son_meet_endure_3,dialogue_choice,dch_dlg_son_meet_endure,stat,,father_son_tension,add,1,1,
fx_dch_dlg_son_meet_needle_1,dialogue_choice,dch_dlg_son_meet_needle,stat,,father_son_tension,add,3,1,
fx_dch_dlg_son_meet_needle_2,dialogue_choice,dch_dlg_son_meet_needle,relation,,zhou_shaoting:player:favor,add,-4,1,
fx_dch_dlg_son_meet_needle_3,dialogue_choice,dch_dlg_son_meet_needle,stat,,suspicion,add,2,1,
fx_dch_dlg_son_meet_needle_4,dialogue_choice,dch_dlg_son_meet_needle,stat,,intel,add,1,1,
fx_dch_dlg_chen_lobby_ok_1,dialogue_choice,dch_dlg_chen_lobby_ok,relation,,chen_manager:player:favor,add,8,1,
fx_dch_dlg_chen_lobby_ok_2,dialogue_choice,dch_dlg_chen_lobby_ok,stat,,network_elite,add,2,1,
fx_dch_dlg_chen_lobby_ok_3,dialogue_choice,dch_dlg_chen_lobby_ok,stat,,suspicion,add,5,1,
fx_dch_dlg_chen_lobby_ok_4,dialogue_choice,dch_dlg_chen_lobby_ok,stat,,intel,add,2,1,
fx_dch_dlg_chen_sell_ok_1,dialogue_choice,dch_dlg_chen_sell_ok,stat,,money,add,45,1,
fx_dch_dlg_chen_sell_ok_2,dialogue_choice,dch_dlg_chen_sell_ok,stat,,intel,add,-15,1,
fx_dch_dlg_chen_sell_ok_3,dialogue_choice,dch_dlg_chen_sell_ok,relation,,chen_manager:player:favor,add,10,1,
fx_dch_dlg_chen_sell_ok_4,dialogue_choice,dch_dlg_chen_sell_ok,relation,,chen_manager:player:trust,add,6,1,
fx_dch_dlg_chen_sell_ok_5,dialogue_choice,dch_dlg_chen_sell_ok,stat,,suspicion,add,5,1,
fx_dch_dlg_chen_sell_ok_6,dialogue_choice,dch_dlg_chen_sell_ok,stat,,company_share,add,-2,1,
fx_dch_dlg_chen_sell_ok_7,dialogue_choice,dch_dlg_chen_sell_ok,flag,,flag_sold_intel,set,1,1,
fx_dch_dlg_chen_sell_ok_8,dialogue_choice,dch_dlg_chen_sell_ok,flag,,can_join_tongyang,set,1,1,
fx_dch_dlg_chen_hire_ok_1,dialogue_choice,dch_dlg_chen_hire_ok,flag,,joined_tongyang,set,1,1,
fx_dch_dlg_chen_hire_ok_2,dialogue_choice,dch_dlg_chen_hire_ok,stat,,trust,add,-25,1,
fx_dch_dlg_chen_hire_ok_3,dialogue_choice,dch_dlg_chen_hire_ok,stat,,money,add,25,1,
fx_dch_dlg_chen_hire_ok_4,dialogue_choice,dch_dlg_chen_hire_ok,stat,,network_elite,add,6,1,
fx_dch_dlg_chen_hire_ok_5,dialogue_choice,dch_dlg_chen_hire_ok,relation,,chen_manager:player:trust,add,10,1,
fx_dch_dlg_chen_hire_ok_6,dialogue_choice,dch_dlg_chen_hire_ok,stat,,suspicion,add,4,1,
fx_dch_dlg_contact_corner_ok_1,dialogue_choice,dch_dlg_contact_corner_ok,stat,,intel,add,6,1,
fx_dch_dlg_contact_corner_ok_2,dialogue_choice,dch_dlg_contact_corner_ok,stat,,money,add,5,1,
fx_dch_dlg_contact_corner_ok_3,dialogue_choice,dch_dlg_contact_corner_ok,stat,,network_base,add,1,1,
fx_dch_dlg_contact_corner_ok_4,dialogue_choice,dch_dlg_contact_corner_ok,stat,,network_elite,add,1,1,
fx_dch_dlg_contact_corner_ok_5,dialogue_choice,dch_dlg_contact_corner_ok,stat,,suspicion,add,5,1,
fx_dch_dlg_broker_ok_1,dialogue_choice,dch_dlg_broker_ok,stat,,money,add,-18,1,
fx_dch_dlg_broker_ok_2,dialogue_choice,dch_dlg_broker_ok,stat,,network_elite,add,4,1,
fx_dch_dlg_broker_ok_3,dialogue_choice,dch_dlg_broker_ok,stat,,intel,add,3,1,
fx_dch_dlg_broker_ok_4,dialogue_choice,dch_dlg_broker_ok,stat,,suspicion,add,2,1,
fx_dch_dlg_white_knight_ok_1,dialogue_choice,dch_dlg_white_knight_ok,flag,,flag_white_knight,set,1,1,
fx_dch_dlg_white_knight_ok_2,dialogue_choice,dch_dlg_white_knight_ok,stat,,money,add,-40,1,
fx_dch_dlg_white_knight_ok_3,dialogue_choice,dch_dlg_white_knight_ok,stat,,network_elite,add,5,1,
fx_dch_dlg_white_knight_ok_4,dialogue_choice,dch_dlg_white_knight_ok,stat,,suspicion,add,3,1,
fx_ch_ev_b_d9_night_shift_ok_1,choice,ch_ev_b_d9_night_shift_ok,stat,,suspicion,add,2,1,
fx_ch_ev_b_d9_night_shift_ok_2,choice,ch_ev_b_d9_night_shift_ok,stat,,trust,add,-2,1,
fx_ch_ev_b_d9_night_shift_ok_3,choice,ch_ev_b_d9_night_shift_ok,relation,,zhou_hongye:player:favor,add,-2,1,
fx_ch_ev_b_d11_su_letter_allow_1,choice,ch_ev_b_d11_su_letter_allow,relation,,su_qing:zhou_shaoting:intimacy,add,8,1,
fx_ch_ev_b_d11_su_letter_allow_2,choice,ch_ev_b_d11_su_letter_allow,relation,,su_qing:player:favor,add,-3,1,
fx_ch_ev_b_d11_su_letter_allow_3,choice,ch_ev_b_d11_su_letter_allow,stat,,father_son_tension,add,2,1,
fx_ch_ev_b_d11_su_letter_forbid_1,choice,ch_ev_b_d11_su_letter_forbid,relation,,su_qing:player:favor,add,-8,1,
fx_ch_ev_b_d11_su_letter_forbid_2,choice,ch_ev_b_d11_su_letter_forbid,relation,,su_qing:zhou_shaoting:intimacy,add,-2,1,
fx_ch_ev_b_d11_su_letter_forbid_3,choice,ch_ev_b_d11_su_letter_forbid,stat,,intel,add,2,1,
fx_ch_ev_b_d14_elder_drink_ok_1,choice,ch_ev_b_d14_elder_drink_ok,stat,,intel,add,6,1,
fx_ch_ev_b_d14_elder_drink_ok_2,choice,ch_ev_b_d14_elder_drink_ok,stat,,father_son_tension,add,4,1,
fx_ch_ev_b_d14_elder_drink_ok_3,choice,ch_ev_b_d14_elder_drink_ok,stat,,network_base,add,2,1,
fx_ch_ev_b_d16_fake_ledger_ok_1,choice,ch_ev_b_d16_fake_ledger_ok,stat,,father_son_tension,add,6,1,
fx_ch_ev_b_d16_fake_ledger_ok_2,choice,ch_ev_b_d16_fake_ledger_ok,stat,,suspicion,add,4,1,
fx_ch_ev_b_d16_fake_ledger_ok_3,choice,ch_ev_b_d16_fake_ledger_ok,stat,,stock_price,add,-3,1,
fx_ch_ev_b_d19_su_afraid_comfort_1,choice,ch_ev_b_d19_su_afraid_comfort,relation,,su_qing:player:favor,add,8,1,
fx_ch_ev_b_d19_su_afraid_comfort_2,choice,ch_ev_b_d19_su_afraid_comfort,relation,,su_qing:player:trust,add,5,1,
fx_ch_ev_b_d19_su_afraid_comfort_3,choice,ch_ev_b_d19_su_afraid_comfort,stat,,father_son_tension,add,2,1,
fx_ch_ev_b_d19_su_afraid_use_1,choice,ch_ev_b_d19_su_afraid_use,relation,,su_qing:player:favor,add,-5,1,
fx_ch_ev_b_d19_su_afraid_use_2,choice,ch_ev_b_d19_su_afraid_use,stat,,father_son_tension,add,8,1,
fx_ch_ev_b_d19_su_afraid_use_3,choice,ch_ev_b_d19_su_afraid_use,stat,,suspicion,add,3,1,
fx_ch_ev_b_d21_watchman_ok_1,choice,ch_ev_b_d21_watchman_ok,flag,,boss_watching,set,1,1,
fx_ch_ev_b_d21_watchman_ok_2,choice,ch_ev_b_d21_watchman_ok,stat,,suspicion,add,5,1,
fx_ch_ev_b_d21_watchman_ok_3,choice,ch_ev_b_d21_watchman_ok,relation,,zhou_hongye:player:suspicion,add,8,1,
fx_ch_ev_b_d24_boardroom_noise_ok_1,choice,ch_ev_b_d24_boardroom_noise_ok,stat,,father_son_tension,add,12,1,
fx_ch_ev_b_d24_boardroom_noise_ok_2,choice,ch_ev_b_d24_boardroom_noise_ok,stat,,intel,add,5,1,
fx_ch_ev_b_d24_boardroom_noise_ok_3,choice,ch_ev_b_d24_boardroom_noise_ok,relation,,zhou_hongye:zhou_shaoting:father_son_trust,add,-8,1,
fx_ch_ev_b_d27_promotion_hint_ok_1,choice,ch_ev_b_d27_promotion_hint_ok,stat,,trust,add,3,1,
fx_ch_ev_b_d27_promotion_hint_ok_2,choice,ch_ev_b_d27_promotion_hint_ok,stat,,intel,add,2,1,
fx_ch_ev_b_d27_promotion_hint_ok_3,choice,ch_ev_b_d27_promotion_hint_ok,stat,,father_son_tension,add,3,1,
fx_ch_ev_a_d12_probe_ok_1,choice,ch_ev_a_d12_probe_ok,relation,,chen_manager:player:favor,add,5,1,
fx_ch_ev_a_d12_probe_ok_2,choice,ch_ev_a_d12_probe_ok,stat,,intel,add,3,1,
fx_ch_ev_a_d12_probe_ok_3,choice,ch_ev_a_d12_probe_ok,stat,,suspicion,add,4,1,
fx_ch_ev_c_d13_tick_ok_1,choice,ch_ev_c_d13_tick_ok,stat,,intel,add,4,1,
fx_ch_ev_c_d13_tick_ok_2,choice,ch_ev_c_d13_tick_ok,stat,,stock_price,add,-2,1,
fx_ch_ev_c_d13_tick_ok_3,choice,ch_ev_c_d13_tick_ok,stat,,network_elite,add,1,1,
fx_ch_ev_a_offer_ok_1,choice,ch_ev_a_offer_ok,relation,,chen_manager:player:favor,add,5,1,
fx_ch_ev_a_offer_ok_2,choice,ch_ev_a_offer_ok,stat,,intel,add,2,1,
fx_ch_ev_a_offer_interest_1,choice,ch_ev_a_offer_interest,relation,,chen_manager:player:favor,add,6,1,
fx_ch_ev_a_offer_interest_2,choice,ch_ev_a_offer_interest,stat,,network_elite,add,2,1,
fx_ch_ev_a_offer_interest_3,choice,ch_ev_a_offer_interest,stat,,suspicion,add,3,1,
fx_ch_ev_low_money_debuff_ok_1,choice,ch_ev_low_money_debuff_ok,flag,,low_money,set,1,1,
fx_ch_d3_ok_flag,choice,ch_d3_ok,flag,,son_notices_su,set,1,1,
fx_ch_b_clash_show,choice,ch_b_clash_ok,flag,,ending_show_b,set,1,1,
fx_home_rest_sus,action,home_rest,stat,,suspicion,add,-12,1,tuned wash
fx_home_organize_sus,action,home_organize,stat,,suspicion,add,-3,1,
fx_home_organize_intel,action,home_organize,stat,,intel,add,5,1,
fx_stock_buy_lots_note,action,ex_buy,flag,,flag_holding_long,set,1,1,mirror until engine uses only stats
fx_stock_short_flag,action,ex_short,flag,,flag_holding_short,set,1,1,
fx_stock_lev_flag,action,ex_leverage,flag,,flag_used_leverage,set,1,1,
fx_sync_task_rel,dialogue_choice,dch_dlg_boss_task_ok,relation,,zhou_hongye:player:trust,add,2,1,sync with stats.trust policy: company trust mirrored to boss relation
fx_ch_ev_b_d28_calm_before_ok_1,choice,ch_ev_b_d28_calm_before_ok,stat,,intel,add,3,1,
fx_ch_ev_b_d28_calm_before_ok_2,choice,ch_ev_b_d28_calm_before_ok,stat,,suspicion,add,-2,1,
fx_ch_ev_b_d29_whisper_low_1,choice,ch_ev_b_d29_whisper_low,stat,,suspicion,add,-3,1,
fx_ch_ev_b_d29_whisper_push_1,choice,ch_ev_b_d29_whisper_push,stat,,father_son_tension,add,4,1,
fx_ch_ev_b_d29_whisper_push_2,choice,ch_ev_b_d29_whisper_push,stat,,suspicion,add,3,1,
fx_ch_ev_b_d30_hook_ok_1,choice,ch_ev_b_d30_hook_ok,stat,,intel,add,2,1,
fx_ch_ev_c_profit_milestone_ok_2,choice,ch_ev_c_profit_milestone_ok,stat,,network_elite,add,3,1,
fx_ch_ev_a_d20_pressure_hide_1,choice,ch_ev_a_d20_pressure_hide,stat,,suspicion,add,4,1,
fx_ch_ev_a_d20_pressure_hide_2,choice,ch_ev_a_d20_pressure_hide,stat,,intel,add,2,1,
fx_ch_ev_a_d20_pressure_strike_1,choice,ch_ev_a_d20_pressure_strike,relation,,chen_manager:player:favor,add,4,1,
fx_ch_ev_a_d20_pressure_strike_2,choice,ch_ev_a_d20_pressure_strike,stat,,suspicion,add,6,1,
fx_ch_ev_c_d22_drift_hold_1,choice,ch_ev_c_d22_drift_hold,stat,,stock_price,add,-2,1,
fx_ch_ev_c_d22_drift_hold_2,choice,ch_ev_c_d22_drift_hold,stat,,suspicion,add,1,1,
fx_ch_ev_c_d22_drift_think_close_1,choice,ch_ev_c_d22_drift_think_close,stat,,intel,add,2,1,
fx_dialogue_choice_dch_dlg_dock_chat_soft_stat_intel_add_1,dialogue_choice,dch_dlg_dock_chat_soft,stat,,intel,add,1,1,
fx_dialogue_choice_dch_dlg_dock_chat_push_stat_intel_add_2,dialogue_choice,dch_dlg_dock_chat_push,stat,,intel,add,2,1,
fx_dialogue_choice_dch_dlg_dock_chat_push_stat_suspicion_add_1,dialogue_choice,dch_dlg_dock_chat_push,stat,,suspicion,add,1,1,
fx_dialogue_choice_dch_dlg_dock_report_humble_stat_trust_add_1,dialogue_choice,dch_dlg_dock_report_humble,stat,,trust,add,1,1,
fx_dialogue_choice_dch_dlg_dock_report_claim_stat_trust_add_2,dialogue_choice,dch_dlg_dock_report_claim,stat,,trust,add,2,1,
fx_dialogue_choice_dch_dlg_dock_report_claim_stat_suspicion_add_1,dialogue_choice,dch_dlg_dock_report_claim,stat,,suspicion,add,1,1,
fx_dialogue_choice_dch_dlg_dock_steal_extra_stat_intel_add_2,dialogue_choice,dch_dlg_dock_steal_extra,stat,,intel,add,2,1,
fx_dialogue_choice_dch_dlg_dock_steal_extra_stat_suspicion_add_2,dialogue_choice,dch_dlg_dock_steal_extra,stat,,suspicion,add,2,1,
fx_dialogue_choice_dch_dlg_dock_black_greed_stat_money_add_8,dialogue_choice,dch_dlg_dock_black_greed,stat,,money,add,8,1,
fx_dialogue_choice_dch_dlg_dock_black_greed_stat_suspicion_add_3,dialogue_choice,dch_dlg_dock_black_greed,stat,,suspicion,add,3,1,
fx_dialogue_choice_dch_dlg_co_eaves_linger_stat_intel_add_2,dialogue_choice,dch_dlg_co_eaves_linger,stat,,intel,add,2,1,
fx_dialogue_choice_dch_dlg_co_eaves_linger_stat_suspicion_add_2,dialogue_choice,dch_dlg_co_eaves_linger,stat,,suspicion,add,2,1,
fx_dialogue_choice_dch_dlg_co_elder_toast_stat_network_base_add_1,dialogue_choice,dch_dlg_co_elder_toast,stat,,network_base,add,1,1,
fx_dialogue_choice_dch_dlg_co_elder_ask_stat_intel_add_2,dialogue_choice,dch_dlg_co_elder_ask,stat,,intel,add,2,1,
fx_dialogue_choice_dch_dlg_co_elder_ask_stat_money_add_-3,dialogue_choice,dch_dlg_co_elder_ask,stat,,money,add,-3,1,
fx_dialogue_choice_dch_dlg_co_frame_fan_stat_father_son_tension_add_2,dialogue_choice,dch_dlg_co_frame_fan,stat,,father_son_tension,add,2,1,
fx_dialogue_choice_dch_dlg_co_frame_fan_stat_suspicion_add_2,dialogue_choice,dch_dlg_co_frame_fan,stat,,suspicion,add,2,1,
fx_dialogue_choice_dch_dlg_home_plan_b_flag_route_focus_b_set_1,dialogue_choice,dch_dlg_home_plan_b,flag,,route_focus_b,set,1,1,
fx_dialogue_choice_dch_dlg_home_plan_a_flag_route_focus_a_set_1,dialogue_choice,dch_dlg_home_plan_a,flag,,route_focus_a,set,1,1,
fx_dialogue_choice_dch_dlg_home_plan_c_flag_route_focus_c_set_1,dialogue_choice,dch_dlg_home_plan_c,flag,,route_focus_c,set,1,1,
fx_dialogue_choice_dch_dlg_rival_poach_ok_stat_network_elite_add_1,dialogue_choice,dch_dlg_rival_poach_ok,stat,,network_elite,add,1,1,
fx_dialogue_choice_dch_dlg_rival_poach_push_stat_money_add_-10,dialogue_choice,dch_dlg_rival_poach_push,stat,,money,add,-10,1,
fx_dialogue_choice_dch_dlg_rival_poach_push_stat_network_elite_add_2,dialogue_choice,dch_dlg_rival_poach_push,stat,,network_elite,add,2,1,
fx_dialogue_choice_dch_dlg_rival_poach_push_stat_suspicion_add_2,dialogue_choice,dch_dlg_rival_poach_push,stat,,suspicion,add,2,1,
fx_dialogue_choice_dch_dlg_rival_hijack_ok_flag_ending_route_a_ready_set_1,dialogue_choice,dch_dlg_rival_hijack_ok,flag,,ending_route_a_ready,set,1,1,
fx_dialogue_choice_dch_dlg_rival_hijack_delay_stat_intel_add_2,dialogue_choice,dch_dlg_rival_hijack_delay,stat,,intel,add,2,1,
fx_dialogue_choice_dch_dlg_rival_hijack_delay_stat_suspicion_add_-1,dialogue_choice,dch_dlg_rival_hijack_delay,stat,,suspicion,add,-1,1,
fx_dialogue_choice_dch_dlg_ex_rumor_fake_bold_stat_stock_price_add_-1,dialogue_choice,dch_dlg_ex_rumor_fake_bold,stat,,stock_price,add,-1,1,
fx_dialogue_choice_dch_dlg_ex_rumor_fake_bold_stat_suspicion_add_2,dialogue_choice,dch_dlg_ex_rumor_fake_bold,stat,,suspicion,add,2,1,
fx_dialogue_choice_dch_dlg_ex_leverage_hesitate_stat_intel_add_1,dialogue_choice,dch_dlg_ex_leverage_hesitate,stat,,intel,add,1,1,
fx_dialogue_choice_dch_dlg_ex_leverage_hesitate_stat_suspicion_add_-1,dialogue_choice,dch_dlg_ex_leverage_hesitate,stat,,suspicion,add,-1,1,
fx_dialogue_choice_dch_dlg_boss_flatter_humble_stat_trust_add_4,dialogue_choice,dch_dlg_boss_flatter_humble,stat,,trust,add,4,1,
fx_dialogue_choice_dch_dlg_boss_flatter_humble_relation_zhou_hongye_player_trust_add_3,dialogue_choice,dch_dlg_boss_flatter_humble,relation,,zhou_hongye:player:trust,add,3,1,
fx_dialogue_choice_dch_dlg_boss_flatter_humble_relation_zhou_hongye_player_favor_add_2,dialogue_choice,dch_dlg_boss_flatter_humble,relation,,zhou_hongye:player:favor,add,2,1,
fx_dialogue_choice_dch_dlg_boss_flatter_humble_stat_intel_add_1,dialogue_choice,dch_dlg_boss_flatter_humble,stat,,intel,add,1,1,
fx_dialogue_choice_dch_dlg_boss_task_askpay_stat_money_add_18,dialogue_choice,dch_dlg_boss_task_askpay,stat,,money,add,18,1,
fx_dialogue_choice_dch_dlg_boss_task_askpay_stat_trust_add_2,dialogue_choice,dch_dlg_boss_task_askpay,stat,,trust,add,2,1,
fx_dialogue_choice_dch_dlg_boss_task_askpay_relation_zhou_hongye_player_favor_add_1,dialogue_choice,dch_dlg_boss_task_askpay,relation,,zhou_hongye:player:favor,add,1,1,
fx_dialogue_choice_dch_dlg_boss_task_askpay_relation_zhou_hongye_player_trust_add_1,dialogue_choice,dch_dlg_boss_task_askpay,relation,,zhou_hongye:player:trust,add,1,1,
fx_dialogue_choice_dch_dlg_boss_task_askpay_stat_suspicion_add_1,dialogue_choice,dch_dlg_boss_task_askpay,stat,,suspicion,add,1,1,
fx_dialogue_choice_dch_dlg_chen_sell_hold_stat_money_add_25,dialogue_choice,dch_dlg_chen_sell_hold,stat,,money,add,25,1,
fx_dialogue_choice_dch_dlg_chen_sell_hold_stat_intel_add_-8,dialogue_choice,dch_dlg_chen_sell_hold,stat,,intel,add,-8,1,
fx_dialogue_choice_dch_dlg_chen_sell_hold_relation_chen_manager_player_favor_add_6,dialogue_choice,dch_dlg_chen_sell_hold,relation,,chen_manager:player:favor,add,6,1,
fx_dialogue_choice_dch_dlg_chen_sell_hold_relation_chen_manager_player_trust_add_3,dialogue_choice,dch_dlg_chen_sell_hold,relation,,chen_manager:player:trust,add,3,1,
fx_dialogue_choice_dch_dlg_chen_sell_hold_stat_suspicion_add_3,dialogue_choice,dch_dlg_chen_sell_hold,stat,,suspicion,add,3,1,
fx_dialogue_choice_dch_dlg_chen_sell_hold_flag_flag_sold_intel_set_1,dialogue_choice,dch_dlg_chen_sell_hold,flag,,flag_sold_intel,set,1,1,
fx_dialogue_choice_dch_dlg_broker_listen_stat_intel_add_2,dialogue_choice,dch_dlg_broker_listen,stat,,intel,add,2,1,
fx_dialogue_choice_dch_dlg_broker_listen_stat_network_elite_add_1,dialogue_choice,dch_dlg_broker_listen,stat,,network_elite,add,1,1,
fx_dialogue_choice_dch_dlg_broker_listen_stat_suspicion_add_1,dialogue_choice,dch_dlg_broker_listen,stat,,suspicion,add,1,1,
fx_dialogue_choice_dch_dlg_white_knight_hesitate_stat_network_elite_add_2,dialogue_choice,dch_dlg_white_knight_hesitate,stat,,network_elite,add,2,1,
fx_dialogue_choice_dch_dlg_white_knight_hesitate_stat_intel_add_2,dialogue_choice,dch_dlg_white_knight_hesitate,stat,,intel,add,2,1,
fx_dialogue_choice_dch_dlg_white_knight_hesitate_stat_suspicion_add_1,dialogue_choice,dch_dlg_white_knight_hesitate,stat,,suspicion,add,1,1,
fx_dialogue_choice_dch_dlg_contact_corner_wary_stat_intel_add_4,dialogue_choice,dch_dlg_contact_corner_wary,stat,,intel,add,4,1,
fx_dialogue_choice_dch_dlg_contact_corner_wary_stat_network_elite_add_1,dialogue_choice,dch_dlg_contact_corner_wary,stat,,network_elite,add,1,1,
fx_dialogue_choice_dch_dlg_contact_corner_wary_stat_suspicion_add_2,dialogue_choice,dch_dlg_contact_corner_wary,stat,,suspicion,add,2,1,
fx_dialogue_choice_dch_dlg_son_rumor_soft_stat_intel_add_-3,dialogue_choice,dch_dlg_son_rumor_soft,stat,,intel,add,-3,1,
fx_dialogue_choice_dch_dlg_son_rumor_soft_stat_father_son_tension_add_4,dialogue_choice,dch_dlg_son_rumor_soft,stat,,father_son_tension,add,4,1,
fx_dialogue_choice_dch_dlg_son_rumor_soft_stat_suspicion_add_1,dialogue_choice,dch_dlg_son_rumor_soft,stat,,suspicion,add,1,1,
fx_dialogue_choice_dch_dlg_son_rumor_soft_relation_zhou_hongye_zhou_shaoting_father_son_trust_add_-3,dialogue_choice,dch_dlg_son_rumor_soft,relation,,zhou_hongye:zhou_shaoting:father_son_trust,add,-3,1,
fx_dialogue_choice_dch_dlg_chen_hire_delay_flag_can_join_tongyang_set_1,dialogue_choice,dch_dlg_chen_hire_delay,flag,,can_join_tongyang,set,1,1,
fx_dialogue_choice_dch_dlg_chen_hire_delay_relation_chen_manager_player_favor_add_4,dialogue_choice,dch_dlg_chen_hire_delay,relation,,chen_manager:player:favor,add,4,1,
fx_dialogue_choice_dch_dlg_chen_hire_delay_stat_suspicion_add_2,dialogue_choice,dch_dlg_chen_hire_delay,stat,,suspicion,add,2,1,
fx_dialogue_choice_dch_dlg_chen_hire_delay_stat_intel_add_2,dialogue_choice,dch_dlg_chen_hire_delay,stat,,intel,add,2,1,
fx_choice_ch_ev_b_d8_corridor_endure_stat_father_son_tension_add_1,choice,ch_ev_b_d8_corridor_endure,stat,,father_son_tension,add,1,1,
fx_choice_ch_ev_b_d8_corridor_endure_relation_zhou_shaoting_player_suspicion_add_2,choice,ch_ev_b_d8_corridor_endure,relation,,zhou_shaoting:player:suspicion,add,2,1,
fx_choice_ch_ev_b_d8_corridor_stare_stat_father_son_tension_add_3,choice,ch_ev_b_d8_corridor_stare,stat,,father_son_tension,add,3,1,
fx_choice_ch_ev_b_d8_corridor_stare_stat_suspicion_add_2,choice,ch_ev_b_d8_corridor_stare,stat,,suspicion,add,2,1,
fx_choice_ch_ev_b_d8_corridor_stare_relation_zhou_shaoting_player_favor_add_-2,choice,ch_ev_b_d8_corridor_stare,relation,,zhou_shaoting:player:favor,add,-2,1,
fx_choice_ch_ev_b_d10_tea_ok_stat_intel_add_4,choice,ch_ev_b_d10_tea_ok,stat,,intel,add,4,1,
fx_choice_ch_ev_b_d10_tea_ok_stat_father_son_tension_add_2,choice,ch_ev_b_d10_tea_ok,stat,,father_son_tension,add,2,1,
fx_choice_ch_ev_b_d10_tea_ask_stat_intel_add_6,choice,ch_ev_b_d10_tea_ask,stat,,intel,add,6,1,
fx_choice_ch_ev_b_d10_tea_ask_stat_suspicion_add_3,choice,ch_ev_b_d10_tea_ask,stat,,suspicion,add,3,1,
fx_choice_ch_ev_b_d13_gift_return_relation_su_qing_player_favor_add_3,choice,ch_ev_b_d13_gift_return,relation,,su_qing:player:favor,add,3,1,
fx_choice_ch_ev_b_d13_gift_return_relation_su_qing_zhou_shaoting_intimacy_add_-2,choice,ch_ev_b_d13_gift_return,relation,,su_qing:zhou_shaoting:intimacy,add,-2,1,
fx_choice_ch_ev_b_d13_gift_return_stat_father_son_tension_add_1,choice,ch_ev_b_d13_gift_return,stat,,father_son_tension,add,1,1,
fx_choice_ch_ev_b_d13_gift_keep_relation_su_qing_player_favor_add_-2,choice,ch_ev_b_d13_gift_keep,relation,,su_qing:player:favor,add,-2,1,
fx_choice_ch_ev_b_d13_gift_keep_stat_intel_add_3,choice,ch_ev_b_d13_gift_keep,stat,,intel,add,3,1,
fx_choice_ch_ev_b_d13_gift_keep_stat_father_son_tension_add_3,choice,ch_ev_b_d13_gift_keep,stat,,father_son_tension,add,3,1,
fx_choice_ch_ev_b_d17_echo_ok_stat_father_son_tension_add_5,choice,ch_ev_b_d17_echo_ok,stat,,father_son_tension,add,5,1,
fx_choice_ch_ev_b_d17_echo_ok_stat_suspicion_add_2,choice,ch_ev_b_d17_echo_ok,stat,,suspicion,add,2,1,
fx_choice_ch_ev_b_d22_rain_love_relation_su_qing_player_favor_add_6,choice,ch_ev_b_d22_rain_love,relation,,su_qing:player:favor,add,6,1,
fx_choice_ch_ev_b_d22_rain_love_relation_su_qing_player_trust_add_4,choice,ch_ev_b_d22_rain_love,relation,,su_qing:player:trust,add,4,1,
fx_choice_ch_ev_b_d22_rain_love_stat_father_son_tension_add_2,choice,ch_ev_b_d22_rain_love,stat,,father_son_tension,add,2,1,
fx_choice_ch_ev_b_d22_rain_truth_relation_su_qing_player_favor_add_-4,choice,ch_ev_b_d22_rain_truth,relation,,su_qing:player:favor,add,-4,1,
fx_choice_ch_ev_b_d22_rain_truth_stat_father_son_tension_add_4,choice,ch_ev_b_d22_rain_truth,stat,,father_son_tension,add,4,1,
fx_choice_ch_ev_b_d22_rain_truth_stat_intel_add_2,choice,ch_ev_b_d22_rain_truth,stat,,intel,add,2,1,
fx_choice_ch_ev_b_d25_mirror_ok_stat_intel_add_2,choice,ch_ev_b_d25_mirror_ok,stat,,intel,add,2,1,
fx_choice_ch_ev_b_d25_mirror_ok_stat_suspicion_add_-1,choice,ch_ev_b_d25_mirror_ok,stat,,suspicion,add,-1,1,
fx_choice_ch_ev_a_d8_smoke_ok_stat_intel_add_3,choice,ch_ev_a_d8_smoke_ok,stat,,intel,add,3,1,
fx_choice_ch_ev_a_d8_smoke_ok_relation_chen_manager_player_favor_add_2,choice,ch_ev_a_d8_smoke_ok,relation,,chen_manager:player:favor,add,2,1,
fx_choice_ch_ev_a_d8_smoke_ok_stat_suspicion_add_2,choice,ch_ev_a_d8_smoke_ok,stat,,suspicion,add,2,1,
fx_choice_ch_ev_a_d10_list_take_stat_network_elite_add_3,choice,ch_ev_a_d10_list_take,stat,,network_elite,add,3,1,
fx_choice_ch_ev_a_d10_list_take_stat_intel_add_3,choice,ch_ev_a_d10_list_take,stat,,intel,add,3,1,
fx_choice_ch_ev_a_d10_list_take_stat_suspicion_add_3,choice,ch_ev_a_d10_list_take,stat,,suspicion,add,3,1,
fx_choice_ch_ev_a_d10_list_delay_relation_chen_manager_player_favor_add_1,choice,ch_ev_a_d10_list_delay,relation,,chen_manager:player:favor,add,1,1,
fx_choice_ch_ev_a_d10_list_delay_stat_suspicion_add_1,choice,ch_ev_a_d10_list_delay,stat,,suspicion,add,1,1,
fx_choice_ch_ev_a_d15_leak_clean_stat_suspicion_add_-3,choice,ch_ev_a_d15_leak_clean,stat,,suspicion,add,-3,1,
fx_choice_ch_ev_a_d15_leak_clean_stat_trust_add_1,choice,ch_ev_a_d15_leak_clean,stat,,trust,add,1,1,
fx_choice_ch_ev_a_d15_leak_ignore_stat_suspicion_add_4,choice,ch_ev_a_d15_leak_ignore,stat,,suspicion,add,4,1,
fx_choice_ch_ev_a_d15_leak_ignore_flag_boss_watching_set_1,choice,ch_ev_a_d15_leak_ignore,flag,,boss_watching,set,1,1,
fx_choice_ch_ev_a_d18_order_yes_stat_intel_add_-4,choice,ch_ev_a_d18_order_yes,stat,,intel,add,-4,1,
fx_choice_ch_ev_a_d18_order_yes_relation_chen_manager_player_trust_add_5,choice,ch_ev_a_d18_order_yes,relation,,chen_manager:player:trust,add,5,1,
fx_choice_ch_ev_a_d18_order_yes_stat_suspicion_add_4,choice,ch_ev_a_d18_order_yes,stat,,suspicion,add,4,1,
fx_choice_ch_ev_a_d18_order_lie_stat_intel_add_-2,choice,ch_ev_a_d18_order_lie,stat,,intel,add,-2,1,
fx_choice_ch_ev_a_d18_order_lie_relation_chen_manager_player_trust_add_-2,choice,ch_ev_a_d18_order_lie,relation,,chen_manager:player:trust,add,-2,1,
fx_choice_ch_ev_a_d18_order_lie_stat_suspicion_add_2,choice,ch_ev_a_d18_order_lie,stat,,suspicion,add,2,1,
fx_choice_ch_ev_a_d23_wall_ok_stat_network_elite_add_4,choice,ch_ev_a_d23_wall_ok,stat,,network_elite,add,4,1,
fx_choice_ch_ev_a_d23_wall_ok_flag_ending_route_a_ready_set_1,choice,ch_ev_a_d23_wall_ok,flag,,ending_route_a_ready,set,1,1,
fx_choice_ch_ev_a_d23_wall_ok_stat_suspicion_add_3,choice,ch_ev_a_d23_wall_ok,stat,,suspicion,add,3,1,
fx_choice_ch_ev_a_d26_forward_relation_chen_manager_player_trust_add_3,choice,ch_ev_a_d26_forward,relation,,chen_manager:player:trust,add,3,1,
fx_choice_ch_ev_a_d26_forward_stat_trust_add_-5,choice,ch_ev_a_d26_forward,stat,,trust,add,-5,1,
fx_choice_ch_ev_a_d26_pause_stat_suspicion_add_2,choice,ch_ev_a_d26_pause,stat,,suspicion,add,2,1,
fx_choice_ch_ev_a_d26_pause_stat_intel_add_2,choice,ch_ev_a_d26_pause,stat,,intel,add,2,1,
fx_choice_ch_ev_c_d8_board_ok_stat_intel_add_3,choice,ch_ev_c_d8_board_ok,stat,,intel,add,3,1,
fx_choice_ch_ev_c_d8_board_ok_stat_network_elite_add_1,choice,ch_ev_c_d8_board_ok,stat,,network_elite,add,1,1,
fx_choice_ch_ev_c_d10_tip_buy_stat_intel_add_2,choice,ch_ev_c_d10_tip_buy,stat,,intel,add,2,1,
fx_choice_ch_ev_c_d10_tip_buy_stat_suspicion_add_2,choice,ch_ev_c_d10_tip_buy,stat,,suspicion,add,2,1,
fx_choice_ch_ev_c_d10_tip_buy_stat_money_add_-5,choice,ch_ev_c_d10_tip_buy,stat,,money,add,-5,1,
fx_choice_ch_ev_c_d10_tip_pass_stat_intel_add_1,choice,ch_ev_c_d10_tip_pass,stat,,intel,add,1,1,
fx_choice_ch_ev_c_d15_margin_add_stat_money_add_-15,choice,ch_ev_c_d15_margin_add,stat,,money,add,-15,1,
fx_choice_ch_ev_c_d15_margin_add_stat_suspicion_add_1,choice,ch_ev_c_d15_margin_add,stat,,suspicion,add,1,1,
fx_choice_ch_ev_c_d15_margin_cut_stat_intel_add_2,choice,ch_ev_c_d15_margin_cut,stat,,intel,add,2,1,
fx_choice_ch_ev_c_d15_margin_cut_stat_position_lots_add_-1,choice,ch_ev_c_d15_margin_cut,stat,,position_lots,add,-1,1,
fx_choice_ch_ev_c_d17_rumor_push_stat_stock_price_add_-2,choice,ch_ev_c_d17_rumor_push,stat,,stock_price,add,-2,1,
fx_choice_ch_ev_c_d17_rumor_push_stat_suspicion_add_4,choice,ch_ev_c_d17_rumor_push,stat,,suspicion,add,4,1,
fx_choice_ch_ev_c_d17_rumor_push_stat_intel_add_-2,choice,ch_ev_c_d17_rumor_push,stat,,intel,add,-2,1,
fx_choice_ch_ev_c_d17_rumor_true_stat_stock_price_add_-1,choice,ch_ev_c_d17_rumor_true,stat,,stock_price,add,-1,1,
fx_choice_ch_ev_c_d17_rumor_true_stat_suspicion_add_2,choice,ch_ev_c_d17_rumor_true,stat,,suspicion,add,2,1,
fx_choice_ch_ev_c_d17_rumor_true_stat_intel_add_-3,choice,ch_ev_c_d17_rumor_true,stat,,intel,add,-3,1,
fx_choice_ch_ev_c_d19_vip_pay_stat_money_add_-20,choice,ch_ev_c_d19_vip_pay,stat,,money,add,-20,1,
fx_choice_ch_ev_c_d19_vip_pay_stat_network_elite_add_4,choice,ch_ev_c_d19_vip_pay,stat,,network_elite,add,4,1,
fx_choice_ch_ev_c_d19_vip_wait_stat_network_elite_add_1,choice,ch_ev_c_d19_vip_wait,stat,,network_elite,add,1,1,
fx_choice_ch_ev_c_d19_vip_wait_stat_intel_add_1,choice,ch_ev_c_d19_vip_wait,stat,,intel,add,1,1,
fx_choice_ch_ev_c_d25_hold_stat_suspicion_add_2,choice,ch_ev_c_d25_hold,stat,,suspicion,add,2,1,
fx_choice_ch_ev_c_d25_hold_stat_intel_add_2,choice,ch_ev_c_d25_hold,stat,,intel,add,2,1,
fx_choice_ch_ev_c_d25_cut_stat_money_add_-10,choice,ch_ev_c_d25_cut,stat,,money,add,-10,1,
fx_choice_ch_ev_c_d25_cut_stat_position_lots_add_-2,choice,ch_ev_c_d25_cut,stat,,position_lots,add,-2,1,
fx_choice_ch_ev_c_d25_cut_stat_suspicion_add_-1,choice,ch_ev_c_d25_cut,stat,,suspicion,add,-1,1,
fx_choice_ch_ev_d4_salary_ok_stat_money_add_5,choice,ch_ev_d4_salary_ok,stat,,money,add,5,1,
fx_choice_ch_ev_d4_salary_ok_stat_network_base_add_1,choice,ch_ev_d4_salary_ok,stat,,network_base,add,1,1,
fx_choice_ch_ev_d16_festival_go_relation_su_qing_player_favor_add_5,choice,ch_ev_d16_festival_go,relation,,su_qing:player:favor,add,5,1,
fx_choice_ch_ev_d16_festival_go_relation_zhou_shaoting_player_suspicion_add_2,choice,ch_ev_d16_festival_go,relation,,zhou_shaoting:player:suspicion,add,2,1,
fx_choice_ch_ev_d16_festival_skip_relation_su_qing_player_favor_add_-2,choice,ch_ev_d16_festival_skip,relation,,su_qing:player:favor,add,-2,1,
fx_choice_ch_ev_d16_festival_skip_stat_suspicion_add_-1,choice,ch_ev_d16_festival_skip,stat,,suspicion,add,-1,1,
fx_choice_ch_ev_d20_storm_ok_stat_suspicion_add_-2,choice,ch_ev_d20_storm_ok,stat,,suspicion,add,-2,1,
fx_choice_ch_ev_d20_storm_ok_stat_intel_add_2,choice,ch_ev_d20_storm_ok,stat,,intel,add,2,1,
fx_choice_ch_ev_flag_su_leak_ok_stat_intel_add_6,choice,ch_ev_flag_su_leak_ok,stat,,intel,add,6,1,
fx_choice_ch_ev_flag_su_leak_ok_stat_father_son_tension_add_2,choice,ch_ev_flag_su_leak_ok,stat,,father_son_tension,add,2,1,
fx_choice_ch_ev_flag_su_leak_ok_stat_suspicion_add_1,choice,ch_ev_flag_su_leak_ok,stat,,suspicion,add,1,1,
fx_choice_ch_ev_flag_su_leak_soft_relation_su_qing_player_favor_add_4,choice,ch_ev_flag_su_leak_soft,relation,,su_qing:player:favor,add,4,1,
fx_choice_ch_ev_flag_su_leak_soft_stat_intel_add_3,choice,ch_ev_flag_su_leak_soft,stat,,intel,add,3,1,
fx_choice_ch_ev_flag_su_gifts_confront_relation_su_qing_player_favor_add_-5,choice,ch_ev_flag_su_gifts_confront,relation,,su_qing:player:favor,add,-5,1,
fx_choice_ch_ev_flag_su_gifts_confront_relation_su_qing_zhou_shaoting_intimacy_add_-3,choice,ch_ev_flag_su_gifts_confront,relation,,su_qing:zhou_shaoting:intimacy,add,-3,1,
fx_choice_ch_ev_flag_su_gifts_confront_stat_father_son_tension_add_3,choice,ch_ev_flag_su_gifts_confront,stat,,father_son_tension,add,3,1,
fx_choice_ch_ev_flag_su_gifts_use_stat_intel_add_4,choice,ch_ev_flag_su_gifts_use,stat,,intel,add,4,1,
fx_choice_ch_ev_flag_su_gifts_use_relation_su_qing_zhou_shaoting_intimacy_add_2,choice,ch_ev_flag_su_gifts_use,relation,,su_qing:zhou_shaoting:intimacy,add,2,1,
fx_choice_ch_ev_flag_su_gifts_use_stat_suspicion_add_2,choice,ch_ev_flag_su_gifts_use,stat,,suspicion,add,2,1,
fx_choice_ch_ev_flag_su_betray_mend_relation_su_qing_player_favor_add_10,choice,ch_ev_flag_su_betray_mend,relation,,su_qing:player:favor,add,10,1,
fx_choice_ch_ev_flag_su_betray_mend_stat_father_son_tension_add_-2,choice,ch_ev_flag_su_betray_mend,stat,,father_son_tension,add,-2,1,
fx_choice_ch_ev_flag_su_betray_mend_stat_money_add_-8,choice,ch_ev_flag_su_betray_mend,stat,,money,add,-8,1,
fx_choice_ch_ev_flag_su_betray_push_relation_su_qing_player_favor_add_-8,choice,ch_ev_flag_su_betray_push,relation,,su_qing:player:favor,add,-8,1,
fx_choice_ch_ev_flag_su_betray_push_stat_father_son_tension_add_6,choice,ch_ev_flag_su_betray_push,stat,,father_son_tension,add,6,1,
fx_choice_ch_ev_flag_su_betray_push_stat_suspicion_add_3,choice,ch_ev_flag_su_betray_push,stat,,suspicion,add,3,1,
fx_choice_ch_ev_flag_son_hostile_bow_stat_suspicion_add_-2,choice,ch_ev_flag_son_hostile_bow,stat,,suspicion,add,-2,1,
fx_choice_ch_ev_flag_son_hostile_bow_stat_trust_add_-2,choice,ch_ev_flag_son_hostile_bow,stat,,trust,add,-2,1,
fx_choice_ch_ev_flag_son_hostile_bow_relation_zhou_shaoting_player_suspicion_add_-3,choice,ch_ev_flag_son_hostile_bow,relation,,zhou_shaoting:player:suspicion,add,-3,1,
fx_choice_ch_ev_flag_son_hostile_needle_stat_father_son_tension_add_4,choice,ch_ev_flag_son_hostile_needle,stat,,father_son_tension,add,4,1,
fx_choice_ch_ev_flag_son_hostile_needle_stat_suspicion_add_4,choice,ch_ev_flag_son_hostile_needle,stat,,suspicion,add,4,1,
fx_choice_ch_ev_flag_son_hostile_needle_relation_zhou_shaoting_player_favor_add_-5,choice,ch_ev_flag_son_hostile_needle,relation,,zhou_shaoting:player:favor,add,-5,1,
fx_dialogue_choice_dch_dlg_ex_buy_small_stat_intel_add_1,dialogue_choice,dch_dlg_ex_buy_small,stat,,intel,add,1,1,
fx_dialogue_choice_dch_dlg_ex_short_hedge_stat_intel_add_1,dialogue_choice,dch_dlg_ex_short_hedge,stat,,intel,add,1,1,
fx_dialogue_choice_dch_dlg_ex_short_hedge_stat_suspicion_add_-1,dialogue_choice,dch_dlg_ex_short_hedge,stat,,suspicion,add,-1,1,
fx_dialogue_choice_dch_dlg_ex_trade_partial_stat_intel_add_1,dialogue_choice,dch_dlg_ex_trade_partial,stat,,intel,add,1,1,
fx_choice_ch_ev_a_d9_dock_ok_stat_suspicion_add_2,choice,ch_ev_a_d9_dock_ok,stat,,suspicion,add,2,1,
fx_choice_ch_ev_a_d9_dock_ok_stat_intel_add_2,choice,ch_ev_a_d9_dock_ok,stat,,intel,add,2,1,
fx_choice_ch_ev_a_d9_dock_feed_stat_intel_add_3,choice,ch_ev_a_d9_dock_feed,stat,,intel,add,3,1,
fx_choice_ch_ev_a_d9_dock_feed_stat_suspicion_add_3,choice,ch_ev_a_d9_dock_feed,stat,,suspicion,add,3,1,
fx_choice_ch_ev_a_d14_tea_hold_relation_chen_manager_player_favor_add_2,choice,ch_ev_a_d14_tea_hold,relation,,chen_manager:player:favor,add,2,1,
fx_choice_ch_ev_a_d14_tea_hold_stat_network_elite_add_1,choice,ch_ev_a_d14_tea_hold,stat,,network_elite,add,1,1,
fx_choice_ch_ev_a_d14_tea_sell_stat_money_add_15,choice,ch_ev_a_d14_tea_sell,stat,,money,add,15,1,
fx_choice_ch_ev_a_d14_tea_sell_stat_intel_add_-6,choice,ch_ev_a_d14_tea_sell,stat,,intel,add,-6,1,
fx_choice_ch_ev_a_d14_tea_sell_relation_chen_manager_player_trust_add_4,choice,ch_ev_a_d14_tea_sell,relation,,chen_manager:player:trust,add,4,1,
fx_choice_ch_ev_a_d14_tea_sell_flag_flag_sold_intel_set_1,choice,ch_ev_a_d14_tea_sell,flag,,flag_sold_intel,set,1,1,
fx_choice_ch_ev_a_d14_tea_sell_stat_suspicion_add_4,choice,ch_ev_a_d14_tea_sell,stat,,suspicion,add,4,1,
fx_choice_ch_ev_a_d17_shadow_hide_stat_suspicion_add_-2,choice,ch_ev_a_d17_shadow_hide,stat,,suspicion,add,-2,1,
fx_choice_ch_ev_a_d17_shadow_hide_stat_intel_add_1,choice,ch_ev_a_d17_shadow_hide,stat,,intel,add,1,1,
fx_choice_ch_ev_a_d17_shadow_risk_stat_intel_add_4,choice,ch_ev_a_d17_shadow_risk,stat,,intel,add,4,1,
fx_choice_ch_ev_a_d17_shadow_risk_stat_suspicion_add_4,choice,ch_ev_a_d17_shadow_risk,stat,,suspicion,add,4,1,
fx_choice_ch_ev_a_d17_shadow_risk_flag_boss_watching_set_1,choice,ch_ev_a_d17_shadow_risk,flag,,boss_watching,set,1,1,
fx_choice_ch_ev_a_d21_packet_go_stat_intel_add_5,choice,ch_ev_a_d21_packet_go,stat,,intel,add,5,1,
fx_choice_ch_ev_a_d21_packet_go_stat_suspicion_add_3,choice,ch_ev_a_d21_packet_go,stat,,suspicion,add,3,1,
fx_choice_ch_ev_a_d21_packet_go_relation_chen_manager_player_trust_add_2,choice,ch_ev_a_d21_packet_go,relation,,chen_manager:player:trust,add,2,1,
fx_choice_ch_ev_a_d21_packet_burn_stat_suspicion_add_-2,choice,ch_ev_a_d21_packet_burn,stat,,suspicion,add,-2,1,
fx_choice_ch_ev_a_d21_packet_burn_relation_chen_manager_player_favor_add_-2,choice,ch_ev_a_d21_packet_burn,relation,,chen_manager:player:favor,add,-2,1,
fx_choice_ch_ev_a_d24_cover_take_stat_suspicion_add_-3,choice,ch_ev_a_d24_cover_take,stat,,suspicion,add,-3,1,
fx_choice_ch_ev_a_d24_cover_take_stat_intel_add_2,choice,ch_ev_a_d24_cover_take,stat,,intel,add,2,1,
fx_choice_ch_ev_a_d24_cover_refuse_stat_trust_add_2,choice,ch_ev_a_d24_cover_refuse,stat,,trust,add,2,1,
fx_choice_ch_ev_a_d24_cover_refuse_stat_suspicion_add_2,choice,ch_ev_a_d24_cover_refuse,stat,,suspicion,add,2,1,
fx_choice_ch_ev_a_d28_ready_ok_flag_ending_route_a_ready_set_1,choice,ch_ev_a_d28_ready_ok,flag,,ending_route_a_ready,set,1,1,
fx_choice_ch_ev_a_d28_ready_ok_stat_intel_add_-5,choice,ch_ev_a_d28_ready_ok,stat,,intel,add,-5,1,
fx_choice_ch_ev_a_d28_ready_ok_stat_suspicion_add_3,choice,ch_ev_a_d28_ready_ok,stat,,suspicion,add,3,1,
fx_choice_ch_ev_a_d28_ready_wait_stat_intel_add_2,choice,ch_ev_a_d28_ready_wait,stat,,intel,add,2,1,
fx_choice_ch_ev_a_d30_hook_ok_stat_intel_add_2,choice,ch_ev_a_d30_hook_ok,stat,,intel,add,2,1,
fx_choice_ch_ev_a_d30_hook_ok_stat_network_elite_add_1,choice,ch_ev_a_d30_hook_ok,stat,,network_elite,add,1,1,
fx_choice_ch_ev_c_d9_ledger_ride_stat_intel_add_3,choice,ch_ev_c_d9_ledger_ride,stat,,intel,add,3,1,
fx_choice_ch_ev_c_d9_ledger_ride_stat_stock_price_add_-1,choice,ch_ev_c_d9_ledger_ride,stat,,stock_price,add,-1,1,
fx_choice_ch_ev_c_d9_ledger_ride_stat_suspicion_add_2,choice,ch_ev_c_d9_ledger_ride,stat,,suspicion,add,2,1,
fx_choice_ch_ev_c_d9_ledger_wait_stat_intel_add_2,choice,ch_ev_c_d9_ledger_wait,stat,,intel,add,2,1,
fx_choice_ch_ev_c_d12_open_ok_stat_network_elite_add_1,choice,ch_ev_c_d12_open_ok,stat,,network_elite,add,1,1,
fx_choice_ch_ev_c_d12_open_ok_stat_intel_add_1,choice,ch_ev_c_d12_open_ok,stat,,intel,add,1,1,
fx_choice_ch_ev_c_d16_audit_short_stat_stock_price_add_-2,choice,ch_ev_c_d16_audit_short,stat,,stock_price,add,-2,1,
fx_choice_ch_ev_c_d16_audit_short_stat_suspicion_add_2,choice,ch_ev_c_d16_audit_short,stat,,suspicion,add,2,1,
fx_choice_ch_ev_c_d16_audit_short_stat_intel_add_2,choice,ch_ev_c_d16_audit_short,stat,,intel,add,2,1,
fx_choice_ch_ev_c_d16_audit_flat_stat_position_lots_add_0,choice,ch_ev_c_d16_audit_flat,stat,,position_lots,add,0,1,
fx_choice_ch_ev_c_d16_audit_flat_stat_intel_add_2,choice,ch_ev_c_d16_audit_flat,stat,,intel,add,2,1,
fx_choice_ch_ev_c_d16_audit_flat_stat_suspicion_add_-1,choice,ch_ev_c_d16_audit_flat,stat,,suspicion,add,-1,1,
fx_choice_ch_ev_c_d18_ally_nod_stat_network_elite_add_2,choice,ch_ev_c_d18_ally_nod,stat,,network_elite,add,2,1,
fx_choice_ch_ev_c_d18_ally_trade_stat_intel_add_3,choice,ch_ev_c_d18_ally_trade,stat,,intel,add,3,1,
fx_choice_ch_ev_c_d18_ally_trade_stat_suspicion_add_2,choice,ch_ev_c_d18_ally_trade,stat,,suspicion,add,2,1,
fx_choice_ch_ev_c_d21_spike_hold_stat_suspicion_add_2,choice,ch_ev_c_d21_spike_hold,stat,,suspicion,add,2,1,
fx_choice_ch_ev_c_d21_spike_hold_stat_intel_add_2,choice,ch_ev_c_d21_spike_hold,stat,,intel,add,2,1,
fx_choice_ch_ev_c_d21_spike_cut_stat_money_add_-12,choice,ch_ev_c_d21_spike_cut,stat,,money,add,-12,1,
fx_choice_ch_ev_c_d21_spike_cut_stat_position_lots_add_0,choice,ch_ev_c_d21_spike_cut,stat,,position_lots,add,0,1,
fx_choice_ch_ev_c_d21_spike_cut_stat_suspicion_add_-1,choice,ch_ev_c_d21_spike_cut,stat,,suspicion,add,-1,1,
fx_choice_ch_ev_c_d24_broker_go_stat_money_add_-10,choice,ch_ev_c_d24_broker_go,stat,,money,add,-10,1,
fx_choice_ch_ev_c_d24_broker_go_stat_network_elite_add_3,choice,ch_ev_c_d24_broker_go,stat,,network_elite,add,3,1,
fx_choice_ch_ev_c_d24_broker_go_stat_intel_add_3,choice,ch_ev_c_d24_broker_go,stat,,intel,add,3,1,
fx_choice_ch_ev_c_d24_broker_skip_stat_intel_add_1,choice,ch_ev_c_d24_broker_skip,stat,,intel,add,1,1,
fx_choice_ch_ev_c_d28_ready_ok_stat_intel_add_2,choice,ch_ev_c_d28_ready_ok,stat,,intel,add,2,1,
fx_choice_ch_ev_c_d28_ready_ok_flag_ending_route_c_ready_set_1,choice,ch_ev_c_d28_ready_ok,flag,,ending_route_c_ready,set,1,1,
fx_choice_ch_ev_c_d30_hook_ok_stat_network_elite_add_2,choice,ch_ev_c_d30_hook_ok,stat,,network_elite,add,2,1,
fx_choice_ch_ev_c_d30_hook_ok_stat_intel_add_1,choice,ch_ev_c_d30_hook_ok,stat,,intel,add,1,1,
fx_dialogue_choice_dch_dlg_boss_blame_quiet_stat_trust_add_3,dialogue_choice,dch_dlg_boss_blame_quiet,stat,,trust,add,3,1,
fx_dialogue_choice_dch_dlg_boss_blame_quiet_stat_intel_add_2,dialogue_choice,dch_dlg_boss_blame_quiet,stat,,intel,add,2,1,
fx_dialogue_choice_dch_dlg_boss_blame_quiet_stat_suspicion_add_3,dialogue_choice,dch_dlg_boss_blame_quiet,stat,,suspicion,add,3,1,
fx_dialogue_choice_dch_dlg_boss_blame_quiet_relation_zhou_hongye_player_trust_add_2,dialogue_choice,dch_dlg_boss_blame_quiet,relation,,zhou_hongye:player:trust,add,2,1,
fx_dialogue_choice_dch_dlg_chen_lobby_wary_relation_chen_manager_player_favor_add_3,dialogue_choice,dch_dlg_chen_lobby_wary,relation,,chen_manager:player:favor,add,3,1,
fx_dialogue_choice_dch_dlg_chen_lobby_wary_stat_suspicion_add_2,dialogue_choice,dch_dlg_chen_lobby_wary,stat,,suspicion,add,2,1,
fx_dialogue_choice_dch_dlg_chen_lobby_wary_stat_intel_add_1,dialogue_choice,dch_dlg_chen_lobby_wary,stat,,intel,add,1,1,
fx_dialogue_choice_dch_dlg_dock_work_slow_stat_intel_add_1,dialogue_choice,dch_dlg_dock_work_slow,stat,,intel,add,1,1,
fx_dialogue_choice_dch_dlg_dock_work_slow_stat_money_add_-2,dialogue_choice,dch_dlg_dock_work_slow,stat,,money,add,-2,1,
fx_dialogue_choice_dch_dlg_co_work_overtime_stat_intel_add_2,dialogue_choice,dch_dlg_co_work_overtime,stat,,intel,add,2,1,
fx_dialogue_choice_dch_dlg_co_work_overtime_stat_trust_add_1,dialogue_choice,dch_dlg_co_work_overtime,stat,,trust,add,1,1,
fx_dialogue_choice_dch_dlg_co_work_overtime_stat_suspicion_add_1,dialogue_choice,dch_dlg_co_work_overtime,stat,,suspicion,add,1,1,
fx_dialogue_choice_dch_dlg_home_rest_think_stat_intel_add_1,dialogue_choice,dch_dlg_home_rest_think,stat,,intel,add,1,1,
fx_dialogue_choice_dch_dlg_home_rest_think_stat_suspicion_add_-2,dialogue_choice,dch_dlg_home_rest_think,stat,,suspicion,add,-2,1,
fx_dialogue_choice_dch_dlg_ex_rumor_true_quiet_stat_suspicion_add_-1,dialogue_choice,dch_dlg_ex_rumor_true_quiet,stat,,suspicion,add,-1,1,
fx_dialogue_choice_dch_dlg_ex_rumor_true_quiet_stat_intel_add_1,dialogue_choice,dch_dlg_ex_rumor_true_quiet,stat,,intel,add,1,1,
fx_dialogue_choice_dch_dlg_co_peek_copy_stat_intel_add_2,dialogue_choice,dch_dlg_co_peek_copy,stat,,intel,add,2,1,
fx_dialogue_choice_dch_dlg_co_peek_copy_stat_suspicion_add_2,dialogue_choice,dch_dlg_co_peek_copy,stat,,suspicion,add,2,1,
fx_dialogue_choice_dch_dlg_home_organize_burn_stat_suspicion_add_-3,dialogue_choice,dch_dlg_home_organize_burn,stat,,suspicion,add,-3,1,
fx_dialogue_choice_dch_dlg_home_organize_burn_stat_intel_add_-2,dialogue_choice,dch_dlg_home_organize_burn,stat,,intel,add,-2,1,
fx_choice_ch_intro_ok_stat_intel_add_1,choice,ch_intro_ok,stat,,intel,add,1,1,
fx_choice_ch_d5_ok_stat_trust_add_-1,choice,ch_d5_ok,stat,,trust,add,-1,1,
fx_choice_ch_d5_ok_relation_zhou_hongye_player_favor_add_-2,choice,ch_d5_ok,relation,,zhou_hongye:player:favor,add,-2,1,
fx_choice_ch_ev_rank_foreman_remind_ok_stat_trust_add_1,choice,ch_ev_rank_foreman_remind_ok,stat,,trust,add,1,1,
fx_choice_ch_ev_boss_watching_ok_stat_suspicion_add_1,choice,ch_ev_boss_watching_ok,stat,,suspicion,add,1,1,
fx_dialogue_choice_dch_dlg_rival_hijack_ok_stat_money_add_40,dialogue_choice,dch_dlg_rival_hijack_ok,stat,,money,add,40,1,v0.8.1 hijack on confirm only
fx_dialogue_choice_dch_dlg_rival_hijack_ok_stat_network_elite_add_6,dialogue_choice,dch_dlg_rival_hijack_ok,stat,,network_elite,add,6,1,v0.8.1 hijack on confirm only
fx_dialogue_choice_dch_dlg_rival_hijack_ok_stat_suspicion_add_12,dialogue_choice,dch_dlg_rival_hijack_ok,stat,,suspicion,add,12,1,v0.8.1 hijack on confirm only
fx_dialogue_choice_dch_dlg_rival_hijack_ok_stat_company_share_add_-12,dialogue_choice,dch_dlg_rival_hijack_ok,stat,,company_share,add,-12,1,v0.8.1 hijack on confirm only
fx_dialogue_choice_dch_dlg_rival_hijack_ok_stat_stock_price_add_-10,dialogue_choice,dch_dlg_rival_hijack_ok,stat,,stock_price,add,-10,1,v0.8.1 hijack on confirm only
fx_check_success_chk_co_eavesdrop_stat_intel_add_6,check_success,chk_co_eavesdrop,stat,,intel,add,6,1,
fx_check_success_chk_co_eavesdrop_stat_network_base_add_1,check_success,chk_co_eavesdrop,stat,,network_base,add,1,1,
fx_check_success_chk_co_eavesdrop_stat_suspicion_add_4,check_success,chk_co_eavesdrop,stat,,suspicion,add,4,1,
fx_check_success_chk_co_eavesdrop_stat_father_son_tension_add_1,check_success,chk_co_eavesdrop,stat,,father_son_tension,add,1,1,
fx_check_fail_chk_co_eavesdrop_stat_suspicion_add_9,check_fail,chk_co_eavesdrop,stat,,suspicion,add,9,1,
fx_check_fail_chk_co_eavesdrop_stat_intel_add_1,check_fail,chk_co_eavesdrop,stat,,intel,add,1,1,
fx_check_success_chk_dock_steal_stat_intel_add_12,check_success,chk_dock_steal,stat,,intel,add,12,1,
fx_check_success_chk_dock_steal_stat_trust_add_-2,check_success,chk_dock_steal,stat,,trust,add,-2,1,
fx_check_success_chk_dock_steal_stat_suspicion_add_5,check_success,chk_dock_steal,stat,,suspicion,add,5,1,
fx_check_fail_chk_dock_steal_stat_intel_add_2,check_fail,chk_dock_steal,stat,,intel,add,2,1,
fx_check_fail_chk_dock_steal_stat_trust_add_-4,check_fail,chk_dock_steal,stat,,trust,add,-4,1,
fx_check_fail_chk_dock_steal_stat_suspicion_add_12,check_fail,chk_dock_steal,stat,,suspicion,add,12,1,
fx_check_success_chk_dock_bribe_stat_intel_add_10,check_success,chk_dock_bribe,stat,,intel,add,10,1,
fx_check_success_chk_dock_bribe_stat_network_base_add_2,check_success,chk_dock_bribe,stat,,network_base,add,2,1,
fx_check_success_chk_dock_bribe_stat_suspicion_add_5,check_success,chk_dock_bribe,stat,,suspicion,add,5,1,
fx_check_fail_chk_dock_bribe_stat_suspicion_add_11,check_fail,chk_dock_bribe,stat,,suspicion,add,11,1,
fx_check_fail_chk_dock_bribe_stat_intel_add_1,check_fail,chk_dock_bribe,stat,,intel,add,1,1,
fx_check_success_chk_co_peek_stat_intel_add_15,check_success,chk_co_peek,stat,,intel,add,15,1,
fx_check_success_chk_co_peek_stat_network_elite_add_2,check_success,chk_co_peek,stat,,network_elite,add,2,1,
fx_check_success_chk_co_peek_stat_suspicion_add_5,check_success,chk_co_peek,stat,,suspicion,add,5,1,
fx_check_success_chk_co_peek_stat_stock_price_add_-4,check_success,chk_co_peek,stat,,stock_price,add,-4,1,
fx_check_fail_chk_co_peek_stat_suspicion_add_11,check_fail,chk_co_peek,stat,,suspicion,add,11,1,
fx_check_fail_chk_co_peek_stat_intel_add_2,check_fail,chk_co_peek,stat,,intel,add,2,1,
fx_check_success_chk_co_bribe_acc_stat_intel_add_12,check_success,chk_co_bribe_acc,stat,,intel,add,12,1,
fx_check_success_chk_co_bribe_acc_stat_network_elite_add_1,check_success,chk_co_bribe_acc,stat,,network_elite,add,1,1,
fx_check_success_chk_co_bribe_acc_stat_suspicion_add_8,check_success,chk_co_bribe_acc,stat,,suspicion,add,8,1,
fx_check_fail_chk_co_bribe_acc_stat_suspicion_add_14,check_fail,chk_co_bribe_acc,stat,,suspicion,add,14,1,
fx_check_fail_chk_co_bribe_acc_relation_zhou_hongye:player:suspicion_add_4,check_fail,chk_co_bribe_acc,relation,,zhou_hongye:player:suspicion,add,4,1,
fx_check_success_chk_co_frame_stat_trust_add_-5,check_success,chk_co_frame,stat,,trust,add,-5,1,
fx_check_success_chk_co_frame_stat_suspicion_add_5,check_success,chk_co_frame,stat,,suspicion,add,5,1,
fx_check_success_chk_co_frame_stat_stock_price_add_-6,check_success,chk_co_frame,stat,,stock_price,add,-6,1,
fx_check_success_chk_co_frame_stat_father_son_tension_add_6,check_success,chk_co_frame,stat,,father_son_tension,add,6,1,
fx_check_success_chk_co_frame_flag_flag_finance_framed_set_1,check_success,chk_co_frame,flag,,flag_finance_framed,set,1,1,
fx_check_fail_chk_co_frame_stat_trust_add_-8,check_fail,chk_co_frame,stat,,trust,add,-8,1,
fx_check_fail_chk_co_frame_stat_suspicion_add_14,check_fail,chk_co_frame,stat,,suspicion,add,14,1,
fx_check_fail_chk_co_frame_relation_zhou_hongye:player:suspicion_add_8,check_fail,chk_co_frame,relation,,zhou_hongye:player:suspicion,add,8,1,
fx_check_success_chk_dock_black_stat_money_add_40,check_success,chk_dock_black,stat,,money,add,40,1,
fx_check_success_chk_dock_black_stat_trust_add_-3,check_success,chk_dock_black,stat,,trust,add,-3,1,
fx_check_success_chk_dock_black_stat_suspicion_add_8,check_success,chk_dock_black,stat,,suspicion,add,8,1,
fx_check_fail_chk_dock_black_stat_money_add_12,check_fail,chk_dock_black,stat,,money,add,12,1,
fx_check_fail_chk_dock_black_stat_trust_add_-5,check_fail,chk_dock_black,stat,,trust,add,-5,1,
fx_check_fail_chk_dock_black_stat_suspicion_add_16,check_fail,chk_dock_black,stat,,suspicion,add,16,1,
fx_check_success_chk_ex_rumor_fake_stat_network_elite_add_1,check_success,chk_ex_rumor_fake,stat,,network_elite,add,1,1,
fx_check_fail_chk_ex_rumor_fake_stat_suspicion_add_12,check_fail,chk_ex_rumor_fake,stat,,suspicion,add,12,1,
fx_check_fail_chk_ex_rumor_fake_stat_intel_add_-2,check_fail,chk_ex_rumor_fake,stat,,intel,add,-2,1,
fx_dialogue_choice_dch_dlg_son_rumor_ok_stat_intel_add_-2,dialogue_choice,dch_dlg_son_rumor_ok,stat,,intel,add,-2,1,开口成本；其余看检定
fx_check_success_chk_co_pass_rumor_stat_intel_add_-4,check_success,chk_co_pass_rumor,stat,,intel,add,-4,1,
fx_check_success_chk_co_pass_rumor_stat_father_son_tension_add_6,check_success,chk_co_pass_rumor,stat,,father_son_tension,add,6,1,
fx_check_success_chk_co_pass_rumor_stat_suspicion_add_3,check_success,chk_co_pass_rumor,stat,,suspicion,add,3,1,
fx_check_success_chk_co_pass_rumor_relation_zhou_hongye:zhou_shaoting:father_son_trust_add_-5,check_success,chk_co_pass_rumor,relation,,zhou_hongye:zhou_shaoting:father_son_trust,add,-5,1,
fx_check_success_chk_co_pass_rumor_stat_stock_price_add_-2,check_success,chk_co_pass_rumor,stat,,stock_price,add,-2,1,
fx_check_fail_chk_co_pass_rumor_stat_intel_add_-2,check_fail,chk_co_pass_rumor,stat,,intel,add,-2,1,
fx_check_fail_chk_co_pass_rumor_stat_suspicion_add_8,check_fail,chk_co_pass_rumor,stat,,suspicion,add,8,1,
fx_check_fail_chk_co_pass_rumor_relation_zhou_shaoting:player:suspicion_add_10,check_fail,chk_co_pass_rumor,relation,,zhou_shaoting:player:suspicion,add,10,1,
fx_check_fail_chk_co_pass_rumor_relation_zhou_shaoting:player:favor_add_-4,check_fail,chk_co_pass_rumor,relation,,zhou_shaoting:player:favor,add,-4,1,
fx_check_success_chk_dock_chat_stat_intel_add_3,check_success,chk_dock_chat,stat,,intel,add,3,1,
fx_check_success_chk_dock_chat_stat_network_base_add_3,check_success,chk_dock_chat,stat,,network_base,add,3,1,
fx_check_success_chk_dock_chat_stat_suspicion_add_2,check_success,chk_dock_chat,stat,,suspicion,add,2,1,
fx_check_fail_chk_dock_chat_stat_network_base_add_1,check_fail,chk_dock_chat,stat,,network_base,add,1,1,
fx_check_fail_chk_dock_chat_stat_suspicion_add_1,check_fail,chk_dock_chat,stat,,suspicion,add,1,1,
